Geo,Year,D4c
1,2005,77.4583928
2,2005,63.48093846
3,2005,62.3161506
4,2005,44.84433267
5,2005,47.75630233
6,2005,54.7450295
7,2005,47.75630233
8,2005,68.72248384
9,2005,78.04078673
10,2005,78.04078673
11,2005,58.23939308
12,2005,64.06333239
13,2005,67.55769597
14,2005,62.89854453
15,2005,52.41545377
16,2005,47.75630233
17,2005,90.27105928
18,2005,218.3977241
19,2005,122.8851194
20,2005,90.85345321
21,2005,101.336544
22,2005,55.90981736
23,2005,45.4267266
24,2005,78.04078673
25,2005,54.7450295
26,2005,68.72248384
27,2005,60.5689688
28,2005,108.3252711
29,2005,122.3027255
30,2005,80.37036245
31,2005,54.7450295
32,2005,116.4787862
33,2005,125.7970891
34,2005,192.1899972
35,2005,99.00696824
36,2005,213.1561787
37,2005,66.39290811
38,2005,121.1379376
39,2005,39.60278729
40,2005,101.336544
41,2005,88.52387748
42,2005,31.44927226
43,2005,81.53515031
44,2005,27.95490868
45,2005,75.71121101
46,2005,51.25066591
47,2005,103.6661197
48,2005,116.4787862
49,2005,51.25066591
50,2005,40.76757516
51,2005,45.4267266
52,2005,45.4267266
53,2005,43.09715088
54,2005,73.38163528
55,2005,88.52387748
56,2005,76.87599887
57,2005,83.86472604
58,2005,51.25066591
59,2005,58.23939308
60,2005,37.27321157
61,2005,82.69993817
62,2005,97.84218038
63,2005,67.55769597
64,2005,75.71121101
65,2005,80.37036245
66,2005,40.76757516
67,2005,47.75630233
68,2005,34.94363585
69,2005,27.95490868
70,2005,38.43799943
71,2005,38.43799943
72,2005,38.43799943
73,2005,48.33869626
74,2005,55.90981736
75,2005,111.2372408
76,2005,71.82858519
77,2005,55.32742343
78,2005,82.11754424
79,2005,105.4133015
80,2005,115.8963922
81,2005,282.4610564
82,2005,157.8287552
83,2005,107.9370089
84,2005,311.580753
85,2005,347.6891767
86,2005,286.1495517
87,2005,213.9327043
88,2005,166.176402
89,2005,80.37036245
90,2005,50.08587805
91,2005,61.73375667
92,2005,76.29360494
93,2005,41.93236302
94,2005,48.92109019
95,2005,50.08587805
96,2005,55.90981736
97,2005,55.90981736
98,2005,9.318302893
99,2005,78.04078673
100,2005,23.29575723
101,2005,43.09715088
102,2005,20.96618151
103,2005,25.62533296
104,2005,52.41545377
105,2005,37.8556055
106,2005,4.659151446
107,2005,58.23939308
108,2005,108.3252711
109,2005,119.9731497
110,2005,33.77884799
111,2005,47.75630233
112,2005,44.26193874
113,2005,86.19430176
114,2005,133.9506041
115,2005,48.92109019
116,2005,64.06333239
117,2005,22.13096937
118,2005,108.3252711
119,2005,65.22812025
120,2005,62.89854453
121,2005,71.05205956
122,2005,50.08587805
123,2005,48.92109019
124,2005,47.75630233
125,2005,38.43799943
126,2005,27.95490868
127,2005,22.13096937
128,2005,29.11969654
129,2005,78.04078673
130,2005,58.23939308
131,2005,45.4267266
132,2005,39.60278729
133,2005,51.25066591
134,2005,40.76757516
135,2005,44.26193874
136,2005,47.75630233
137,2005,33.77884799
138,2005,34.94363585
139,2005,27.95490868
140,2005,34.94363585
141,2005,52.41545377
142,2005,33.77884799
143,2005,39.60278729
144,2005,47.75630233
145,2005,54.7450295
146,2005,47.75630233
147,2005,43.09715088
148,2005,34.94363585
149,2005,27.95490868
150,2005,23.29575723
151,2005,27.95490868
152,2005,30.2844844
153,2005,40.76757516
154,2005,76.87599887
155,2005,48.92109019
156,2005,45.4267266
157,2005,38.43799943
158,2005,37.27321157
159,2005,19.80139365
160,2005,16.30703006
161,2005,17.47181792
162,2005,4.659151446
163,2005,50.08587805
164,2005,27.95490868
165,2005,38.43799943
166,2005,17.47181792
167,2005,17.47181792
168,2005,38.43799943
169,2005,16.30703006
170,2005,352.3483281
171,2005,94.34781679
172,2005,25.62533296
173,2005,20.96618151
174,2005,24.46054509
175,2005,9.318302893
176,2005,16.30703006
177,2005,24.46054509
178,2005,2.329575723
179,2005,11.64787862
180,2005,1.164787862
181,2005,11.64787862
182,2005,9.318302893
183,2005,13.97745434
184,2005,52.41545377
185,2005,5.823939308
186,2005,75.71121101
187,2005,50.08587805
188,2005,24.46054509
189,2005,31.44927226
190,2005,75.71121101
191,2005,36.10842371
192,2005,65.22812025
193,2005,58.23939308
194,2005,51.25066591
195,2005,61.15136273
196,2005,37.27321157
197,2005,17.47181792
198,2005,26.79012082
199,2005,37.27321157
200,2005,22.13096937
201,2005,26.79012082
202,2005,11.06548469
203,2005,16.88942399
204,2005,78.62318066
205,2005,29.11969654
206,2005,78.62318066
207,2005,78.62318066
208,2005,78.62318066
209,2005,6.98872717
210,2005,6.98872717
211,2005,55.32742343
212,2005,47.75630233
213,2005,52.41545377
214,2005,29.11969654
215,2005,6.98872717
216,2005,27.95490868
217,2005,27.95490868
218,2005,10.48309075
219,2005,17.47181792
220,2005,37.27321157
221,2005,11.64787862
222,2005,11.64787862
223,2005,2.329575723
224,2005,7.765252799
225,2005,7.765252799
226,2005,7.765252799
227,2005,7.765252799
228,2005,7.765252799
229,2005,10.48309075
230,2005,4.659151446
231,2005,4.076757516
232,2005,0
233,2005,11.06548469
234,2005,8.735908962
235,2005,6.21220154
236,2005,5.047413679
237,2005,7.376989402
238,2005,6.794595471
239,2005,5.62980761
240,2005,5.435677076
241,2005,5.435677076
242,2005,5.435677076
243,2005,5.435677076
244,2005,0
245,2005,0
246,2005,5.62980761
247,2005,7.376989402
248,2005,1.164787862
249,2005,1.164787862
250,2005,32.61406013
251,2005,0
252,2005,61.73375667
253,2005,25.62533296
254,2005,61.73375667
255,2005,52.41545377
256,2005,69.8872717
257,2005,30.2844844
258,2005,39.60278729
259,2005,32.61406013
260,2005,52.41545377
261,2005,60.5689688
262,2005,55.90981736
263,2005,21.54857544
264,2005,26.20772689
265,2005,20.96618151
266,2005,68.72248384
267,2005,25.62533296
268,2005,6.98872717
269,2005,25.62533296
270,2005,37.27321157
271,2005,69.8872717
272,2005,101.336544
273,2005,96.67739251
274,2005,64.06333239
275,2005,6.98872717
276,2005,27.95490868
277,2005,17.47181792
278,2005,15.1422422
279,2005,15.1422422
280,2005,15.1422422
281,2005,23.29575723
282,2005,26.79012082
283,2005,23.29575723
284,2005,15.1422422
285,2005,23.29575723
286,2005,38.43799943
287,2005,38.43799943
288,2005,48.92109019
289,2005,40.76757516
290,2005,31.44927226
291,2005,44.26193874
292,2005,4.659151446
293,2005,13.97745434
294,2005,29.11969654
295,2005,26.79012082
296,2005,23.29575723
297,2005,13.97745434
298,2005,23.29575723
299,2005,27.95490868
300,2005,13.97745434
301,2005,13.97745434
302,2005,18.63660579
303,2005,18.63660579
304,2005,6.98872717
305,2005,6.98872717
306,2005,4.659151446
307,2005,11.64787862
308,2005,20.96618151
309,2005,16.88942399
310,2005,16.88942399
311,2005,0
312,2005,26.20772689
313,2005,11.64787862
314,2005,59.40418094
315,2005,45.4267266
316,2005,27.37251475
317,2005,28.53730261
318,2005,33.19645406
319,2005,20.96618151
320,2005,20.96618151
321,2005,18.05421186
322,2005,14.55984827
323,2005,11.64787862
324,2005,25.62533296
325,2005,20.96618151
326,2005,9.318302893
327,2005,17.47181792
328,2005,9.318302893
329,2005,4.659151446
330,2005,30.2844844
331,2005,31.44927226
332,2005,9.318302893
333,2005,34.94363585
334,2005,9.318302893
335,2005,9.318302893
336,2005,8.153515031
337,2005,34.94363585
338,2005,33.77884799
339,2005,32.61406013
340,2005,24.46054509
341,2005,2.329575723
342,2005,2.329575723
343,2005,5.823939308
344,2005,12.81266648
345,2005,9.900696824
346,2005,9.900696824
347,2005,0
348,2005,13.39506041
349,2005,12.23027255
350,2005,13.39506041
351,2005,12.81266648
352,2005,3.494363585
353,2005,1.164787862
354,2005,1.164787862
355,2005,0
356,2005,1.164787862
357,2005,1.164787862
358,2005,0
359,2005,0
360,2005,1.164787862
361,2005,0
362,2005,0
363,2005,0
364,2005,5.823939308
365,2005,5.823939308
366,2005,4.659151446
367,2005,12.81266648
368,2005,12.81266648
369,2005,5.823939308
370,2005,5.823939308
371,2005,5.823939308
372,2005,5.823939308
373,2005,1.164787862
374,2005,0
375,2005,4.659151446
376,2005,4.659151446
377,2005,4.659151446
378,2005,4.659151446
379,2005,0
380,2005,1.164787862
381,2005,4.659151446
382,2005,4.659151446
383,2005,4.659151446
384,2005,0
385,2005,0
386,2005,15.1422422
387,2005,10.48309075
388,2005,10.48309075
389,2005,8.153515031
390,2005,8.153515031
391,2005,8.153515031
392,2005,4.659151446
393,2005,38.43799943
394,2005,2.329575723
395,2005,0
396,2005,9.318302893
397,2005,38.43799943
398,2005,33.77884799
399,2005,47.75630233
400,2005,2.329575723
401,2005,2.329575723
402,2005,4.659151446
403,2005,15.1422422
404,2005,15.1422422
405,2005,33.77884799
406,2005,9.318302893
407,2005,36.10842371
408,2005,4.659151446
409,2005,47.75630233
410,2005,38.43799943
411,2005,36.88494934
412,2005,19.80139365
413,2005,9.318302893
414,2005,13.97745434
415,2005,41.54410079
416,2005,7.765252799
417,2005,21.74270714
418,2005,12.42440425
419,2005,23.35122327
420,2005,41.54410079
421,2005,21.74270714
422,2005,15.53050443
423,2005,18.69207182
424,2005,35.77562751
425,2005,15.1422422
426,2005,24.46054509
427,2005,20.18965588
428,2005,20.18965588
429,2005,10.87135299
430,2005,18.63660579
431,2005,4.659151446
432,2005,15.53050443
433,2005,18.63660579
434,2005,35.77562751
435,2005,4.659151446
436,2005,5.823939308
437,2005,35.77562751
438,2005,18.63660579
439,2005,9.318302893
440,2005,9.318302893
441,2005,9.318302893
442,2005,4.659151446
443,2005,4.659151446
444,2005,4.659151446
445,2005,40.37931292
446,2005,31.06101003
447,2005,41.54410079
448,2005,36.88494934
449,2005,33.77884799
450,2005,20.96618151
451,2005,77.70799053
452,2005,90.52065701
453,2005,95.17980845
454,2005,95.17980845
455,2005,32.61406013
456,2005,32.66952616
457,2005,28.01037471
458,2005,23.35122327
459,2005,23.35122327
1,2010,82.06079048
2,2010,67.25282829
3,2010,66.01883144
4,2010,47.5088787
5,2010,50.59387082
6,2010,57.99785192
7,2010,50.59387082
8,2010,72.80581411
9,2010,82.6777889
10,2010,82.6777889
11,2010,61.69984247
12,2010,67.86982671
13,2010,71.57181726
14,2010,66.63582986
15,2010,55.52985822
16,2010,50.59387082
17,2010,95.63475582
18,2010,231.3744092
19,2010,130.1866676
20,2010,96.25175425
21,2010,107.3577259
22,2010,59.23184877
23,2010,48.12587712
24,2010,82.6777889
25,2010,57.99785192
26,2010,72.80581411
27,2010,64.16783616
28,2010,114.761707
29,2010,129.5696692
30,2010,85.1457826
31,2010,57.99785192
32,2010,123.3996849
33,2010,133.2716597
34,2010,203.6094801
35,2010,104.8897322
36,2010,225.8214234
37,2010,70.33782041
38,2010,128.3356723
39,2010,41.95589288
40,2010,107.3577259
41,2010,93.78376055
42,2010,33.31791493
43,2010,86.37977945
44,2010,29.61592438
45,2010,80.20979521
46,2010,54.29586137
47,2010,109.8257196
48,2010,123.3996849
49,2010,54.29586137
50,2010,43.18988973
51,2010,48.12587712
52,2010,48.12587712
53,2010,45.65788343
54,2010,77.74180151
55,2010,93.78376055
56,2010,81.44379206
57,2010,88.84777315
58,2010,54.29586137
59,2010,61.69984247
60,2010,39.48789918
61,2010,87.6137763
62,2010,103.6557353
63,2010,71.57181726
64,2010,80.20979521
65,2010,85.1457826
66,2010,43.18988973
67,2010,50.59387082
68,2010,37.01990548
69,2010,29.61592438
70,2010,40.72189603
71,2010,40.72189603
72,2010,40.72189603
73,2010,51.21086925
74,2010,59.23184877
75,2010,117.8466991
76,2010,76.09647279
77,2010,58.61485034
78,2010,86.99677788
79,2010,111.6767149
80,2010,122.7826865
81,2010,299.244236
82,2010,167.2065731
83,2010,114.3503751
84,2010,330.0941572
85,2010,368.3480595
86,2010,303.1518931
87,2010,226.6440884
88,2010,176.0502176
89,2010,85.1457826
90,2010,53.06186452
91,2010,65.40183301
92,2010,80.82679363
93,2010,44.42388658
94,2010,51.82786767
95,2010,53.06186452
96,2010,59.23184877
97,2010,59.23184877
98,2010,9.871974795
99,2010,82.6777889
100,2010,24.67993699
101,2010,45.65788343
102,2010,22.21194329
103,2010,27.14793069
104,2010,55.52985822
105,2010,40.1048976
106,2010,4.935987397
107,2010,61.69984247
108,2010,114.761707
109,2010,127.1016755
110,2010,35.78590863
111,2010,50.59387082
112,2010,46.89188027
113,2010,91.31576685
114,2010,141.9096377
115,2010,51.82786767
116,2010,67.86982671
117,2010,23.44594014
118,2010,114.761707
119,2010,69.10382356
120,2010,66.63582986
121,2010,75.27380781
122,2010,53.06186452
123,2010,51.82786767
124,2010,50.59387082
125,2010,40.72189603
126,2010,29.61592438
127,2010,23.44594014
128,2010,30.84992123
129,2010,82.6777889
130,2010,61.69984247
131,2010,48.12587712
132,2010,41.95589288
133,2010,54.29586137
134,2010,43.18988973
135,2010,46.89188027
136,2010,50.59387082
137,2010,35.78590863
138,2010,37.01990548
139,2010,29.61592438
140,2010,37.01990548
141,2010,55.52985822
142,2010,35.78590863
143,2010,41.95589288
144,2010,50.59387082
145,2010,57.99785192
146,2010,50.59387082
147,2010,45.65788343
148,2010,37.01990548
149,2010,29.61592438
150,2010,24.67993699
151,2010,29.61592438
152,2010,32.08391808
153,2010,43.18988973
154,2010,81.44379206
155,2010,51.82786767
156,2010,48.12587712
157,2010,40.72189603
158,2010,39.48789918
159,2010,20.97794644
160,2010,17.27595589
161,2010,18.50995274
162,2010,4.935987397
163,2010,53.06186452
164,2010,29.61592438
165,2010,40.72189603
166,2010,18.50995274
167,2010,18.50995274
168,2010,40.72189603
169,2010,17.27595589
170,2010,373.2840469
171,2010,99.9537448
172,2010,27.14793069
173,2010,22.21194329
174,2010,25.91393384
175,2010,9.871974795
176,2010,17.27595589
177,2010,25.91393384
178,2010,2.467993699
179,2010,12.33996849
180,2010,1.233996849
181,2010,12.33996849
182,2010,9.871974795
183,2010,14.80796219
184,2010,55.52985822
185,2010,6.169984247
186,2010,80.20979521
187,2010,53.06186452
188,2010,25.91393384
189,2010,33.31791493
190,2010,80.20979521
191,2010,38.25390233
192,2010,69.10382356
193,2010,61.69984247
194,2010,54.29586137
195,2010,64.78483459
196,2010,39.48789918
197,2010,18.50995274
198,2010,28.38192753
199,2010,39.48789918
200,2010,23.44594014
201,2010,28.38192753
202,2010,11.72297007
203,2010,17.89295432
204,2010,83.29478733
205,2010,30.84992123
206,2010,83.29478733
207,2010,83.29478733
208,2010,83.29478733
209,2010,7.403981096
210,2010,7.403981096
211,2010,58.61485034
212,2010,50.59387082
213,2010,55.52985822
214,2010,30.84992123
215,2010,7.403981096
216,2010,29.61592438
217,2010,29.61592438
218,2010,11.10597164
219,2010,18.50995274
220,2010,39.48789918
221,2010,12.33996849
222,2010,12.33996849
223,2010,2.467993699
224,2010,8.226646073
225,2010,8.226646073
226,2010,8.226646073
227,2010,8.226646073
228,2010,8.226646073
229,2010,11.10597164
230,2010,4.935987397
231,2010,4.318988973
232,2010,0
233,2010,11.72297007
234,2010,9.25497637
235,2010,6.581316118
236,2010,5.347319269
237,2010,7.815312968
238,2010,7.198314543
239,2010,5.964317694
240,2010,5.758652375
241,2010,5.758652375
242,2010,5.758652375
243,2010,5.758652375
244,2010,0
245,2010,0
246,2010,5.964317694
247,2010,7.815312968
248,2010,1.233996849
249,2010,1.233996849
250,2010,34.55191178
251,2010,0
252,2010,65.40183301
253,2010,27.14793069
254,2010,65.40183301
255,2010,55.52985822
256,2010,74.03981096
257,2010,32.08391808
258,2010,41.95589288
259,2010,34.55191178
260,2010,55.52985822
261,2010,64.16783616
262,2010,59.23184877
263,2010,22.82894171
264,2010,27.76492911
265,2010,22.21194329
266,2010,72.80581411
267,2010,27.14793069
268,2010,7.403981096
269,2010,27.14793069
270,2010,39.48789918
271,2010,74.03981096
272,2010,107.3577259
273,2010,102.4217385
274,2010,67.86982671
275,2010,7.403981096
276,2010,29.61592438
277,2010,18.50995274
278,2010,16.04195904
279,2010,16.04195904
280,2010,16.04195904
281,2010,24.67993699
282,2010,28.38192753
283,2010,24.67993699
284,2010,16.04195904
285,2010,24.67993699
286,2010,40.72189603
287,2010,40.72189603
288,2010,51.82786767
289,2010,43.18988973
290,2010,33.31791493
291,2010,46.89188027
292,2010,4.935987397
293,2010,14.80796219
294,2010,30.84992123
295,2010,28.38192753
296,2010,24.67993699
297,2010,14.80796219
298,2010,24.67993699
299,2010,29.61592438
300,2010,14.80796219
301,2010,14.80796219
302,2010,19.74394959
303,2010,19.74394959
304,2010,7.403981096
305,2010,7.403981096
306,2010,4.935987397
307,2010,12.33996849
308,2010,22.21194329
309,2010,17.89295432
310,2010,17.89295432
311,2010,0
312,2010,27.76492911
313,2010,12.33996849
314,2010,62.93383932
315,2010,48.12587712
316,2010,28.99892596
317,2010,30.23292281
318,2010,35.16891021
319,2010,22.21194329
320,2010,22.21194329
321,2010,19.12695116
322,2010,15.42496062
323,2010,12.33996849
324,2010,27.14793069
325,2010,22.21194329
326,2010,9.871974795
327,2010,18.50995274
328,2010,9.871974795
329,2010,4.935987397
330,2010,32.08391808
331,2010,33.31791493
332,2010,9.871974795
333,2010,37.01990548
334,2010,9.871974795
335,2010,9.871974795
336,2010,8.637977945
337,2010,37.01990548
338,2010,35.78590863
339,2010,34.55191178
340,2010,25.91393384
341,2010,2.467993699
342,2010,2.467993699
343,2010,6.169984247
344,2010,13.57396534
345,2010,10.48897322
346,2010,10.48897322
347,2010,0
348,2010,14.19096377
349,2010,12.95696692
350,2010,14.19096377
351,2010,13.57396534
352,2010,3.701990548
353,2010,1.233996849
354,2010,1.233996849
355,2010,0
356,2010,1.233996849
357,2010,1.233996849
358,2010,0
359,2010,0
360,2010,1.233996849
361,2010,0
362,2010,0
363,2010,0
364,2010,6.169984247
365,2010,6.169984247
366,2010,4.935987397
367,2010,13.57396534
368,2010,13.57396534
369,2010,6.169984247
370,2010,6.169984247
371,2010,6.169984247
372,2010,6.169984247
373,2010,1.233996849
374,2010,0
375,2010,4.935987397
376,2010,4.935987397
377,2010,4.935987397
378,2010,4.935987397
379,2010,0
380,2010,1.233996849
381,2010,4.935987397
382,2010,4.935987397
383,2010,4.935987397
384,2010,0
385,2010,0
386,2010,16.04195904
387,2010,11.10597164
388,2010,11.10597164
389,2010,8.637977945
390,2010,8.637977945
391,2010,8.637977945
392,2010,4.935987397
393,2010,40.72189603
394,2010,2.467993699
395,2010,0
396,2010,9.871974795
397,2010,40.72189603
398,2010,35.78590863
399,2010,50.59387082
400,2010,2.467993699
401,2010,2.467993699
402,2010,4.935987397
403,2010,16.04195904
404,2010,16.04195904
405,2010,35.78590863
406,2010,9.871974795
407,2010,38.25390233
408,2010,4.935987397
409,2010,50.59387082
410,2010,40.72189603
411,2010,39.07656731
412,2010,20.97794644
413,2010,9.871974795
414,2010,14.80796219
415,2010,44.0125547
416,2010,8.226646073
417,2010,23.03460827
418,2010,13.16263347
419,2010,24.73869868
420,2010,44.0125547
421,2010,23.03460827
422,2010,16.45329091
423,2010,19.80271129
424,2010,37.90133215
425,2010,16.04195904
426,2010,25.91393384
427,2010,21.38927831
428,2010,21.38927831
429,2010,11.51730352
430,2010,19.74394959
431,2010,4.935987397
432,2010,16.45329091
433,2010,19.74394959
434,2010,37.90133215
435,2010,4.935987397
436,2010,6.169984247
437,2010,37.90133215
438,2010,19.74394959
439,2010,9.871974795
440,2010,9.871974795
441,2010,9.871974795
442,2010,4.935987397
443,2010,4.935987397
444,2010,4.935987397
445,2010,42.77855785
446,2010,32.90658306
447,2010,44.0125547
448,2010,39.07656731
449,2010,35.78590863
450,2010,22.21194329
451,2010,82.32521873
452,2010,95.89918407
453,2010,100.8351715
454,2010,100.8351715
455,2010,34.55191178
456,2010,34.61067348
457,2010,29.67468608
458,2010,24.73869868
459,2010,24.73869868
1,2020,66.5
2,2020,54.5
3,2020,53.5
4,2020,38.5
5,2020,41
6,2020,47
7,2020,41
8,2020,59
9,2020,67
10,2020,67
11,2020,50
12,2020,55
13,2020,58
14,2020,54
15,2020,45
16,2020,41
17,2020,77.5
18,2020,187.5
19,2020,105.5
20,2020,78
21,2020,87
22,2020,48
23,2020,39
24,2020,67
25,2020,47
26,2020,59
27,2020,52
28,2020,93
29,2020,105
30,2020,69
31,2020,47
32,2020,100
33,2020,108
34,2020,165
35,2020,85
36,2020,183
37,2020,57
38,2020,104
39,2020,34
40,2020,87
41,2020,76
42,2020,27
43,2020,70
44,2020,24
45,2020,65
46,2020,44
47,2020,89
48,2020,100
49,2020,44
50,2020,35
51,2020,39
52,2020,39
53,2020,37
54,2020,63
55,2020,76
56,2020,66
57,2020,72
58,2020,44
59,2020,50
60,2020,32
61,2020,71
62,2020,84
63,2020,58
64,2020,65
65,2020,69
66,2020,35
67,2020,41
68,2020,30
69,2020,24
70,2020,33
71,2020,33
72,2020,33
73,2020,41.5
74,2020,48
75,2020,95.5
76,2020,61.666667
77,2020,47.5
78,2020,70.5
79,2020,90.5
80,2020,99.5
81,2020,242.5
82,2020,135.5
83,2020,92.666667
84,2020,267.5
85,2020,298.5
86,2020,245.666667
87,2020,183.666667
88,2020,142.666667
89,2020,69
90,2020,43
91,2020,53
92,2020,65.5
93,2020,36
94,2020,42
95,2020,43
96,2020,48
97,2020,48
98,2020,8
99,2020,67
100,2020,20
101,2020,37
102,2020,18
103,2020,22
104,2020,45
105,2020,32.5
106,2020,4
107,2020,50
108,2020,93
109,2020,103
110,2020,29
111,2020,41
112,2020,38
113,2020,74
114,2020,115
115,2020,42
116,2020,55
117,2020,19
118,2020,93
119,2020,56
120,2020,54
121,2020,61
122,2020,43
123,2020,42
124,2020,41
125,2020,33
126,2020,24
127,2020,19
128,2020,25
129,2020,67
130,2020,50
131,2020,39
132,2020,34
133,2020,44
134,2020,35
135,2020,38
136,2020,41
137,2020,29
138,2020,30
139,2020,24
140,2020,30
141,2020,45
142,2020,29
143,2020,34
144,2020,41
145,2020,47
146,2020,41
147,2020,37
148,2020,30
149,2020,24
150,2020,20
151,2020,24
152,2020,26
153,2020,35
154,2020,66
155,2020,42
156,2020,39
157,2020,33
158,2020,32
159,2020,17
160,2020,14
161,2020,15
162,2020,4
163,2020,43
164,2020,24
165,2020,33
166,2020,15
167,2020,15
168,2020,33
169,2020,14
170,2020,302.5
171,2020,81
172,2020,22
173,2020,18
174,2020,21
175,2020,8
176,2020,14
177,2020,21
178,2020,2
179,2020,10
180,2020,1
181,2020,10
182,2020,8
183,2020,12
184,2020,45
185,2020,5
186,2020,65
187,2020,43
188,2020,21
189,2020,27
190,2020,65
191,2020,31
192,2020,56
193,2020,50
194,2020,44
195,2020,52.5
196,2020,32
197,2020,15
198,2020,23
199,2020,32
200,2020,19
201,2020,23
202,2020,9.5
203,2020,14.5
204,2020,67.5
205,2020,25
206,2020,67.5
207,2020,67.5
208,2020,67.5
209,2020,6
210,2020,6
211,2020,47.5
212,2020,41
213,2020,45
214,2020,25
215,2020,6
216,2020,24
217,2020,24
218,2020,9
219,2020,15
220,2020,32
221,2020,10
222,2020,10
223,2020,2
224,2020,6.666667
225,2020,6.666667
226,2020,6.666667
227,2020,6.666667
228,2020,6.666667
229,2020,9
230,2020,4
231,2020,3.5
232,2020,0
233,2020,9.5
234,2020,7.5
235,2020,5.333333
236,2020,4.333333
237,2020,6.333333
238,2020,5.833333
239,2020,4.833333
240,2020,4.666667
241,2020,4.666667
242,2020,4.666667
243,2020,4.666667
244,2020,0
245,2020,0
246,2020,4.833333
247,2020,6.333333
248,2020,1
249,2020,1
250,2020,28
251,2020,0
252,2020,53
253,2020,22
254,2020,53
255,2020,45
256,2020,60
257,2020,26
258,2020,34
259,2020,28
260,2020,45
261,2020,52
262,2020,48
263,2020,18.5
264,2020,22.5
265,2020,18
266,2020,59
267,2020,22
268,2020,6
269,2020,22
270,2020,32
271,2020,60
272,2020,87
273,2020,83
274,2020,55
275,2020,6
276,2020,24
277,2020,15
278,2020,13
279,2020,13
280,2020,13
281,2020,20
282,2020,23
283,2020,20
284,2020,13
285,2020,20
286,2020,33
287,2020,33
288,2020,42
289,2020,35
290,2020,27
291,2020,38
292,2020,4
293,2020,12
294,2020,25
295,2020,23
296,2020,20
297,2020,12
298,2020,20
299,2020,24
300,2020,12
301,2020,12
302,2020,16
303,2020,16
304,2020,6
305,2020,6
306,2020,4
307,2020,10
308,2020,18
309,2020,14.5
310,2020,14.5
311,2020,0
312,2020,22.5
313,2020,10
314,2020,51
315,2020,39
316,2020,23.5
317,2020,24.5
318,2020,28.5
319,2020,18
320,2020,18
321,2020,15.5
322,2020,12.5
323,2020,10
324,2020,22
325,2020,18
326,2020,8
327,2020,15
328,2020,8
329,2020,4
330,2020,26
331,2020,27
332,2020,8
333,2020,30
334,2020,8
335,2020,8
336,2020,7
337,2020,30
338,2020,29
339,2020,28
340,2020,21
341,2020,2
342,2020,2
343,2020,5
344,2020,11
345,2020,8.5
346,2020,8.5
347,2020,0
348,2020,11.5
349,2020,10.5
350,2020,11.5
351,2020,11
352,2020,3
353,2020,1
354,2020,1
355,2020,0
356,2020,1
357,2020,1
358,2020,0
359,2020,0
360,2020,1
361,2020,0
362,2020,0
363,2020,0
364,2020,5
365,2020,5
366,2020,4
367,2020,11
368,2020,11
369,2020,5
370,2020,5
371,2020,5
372,2020,5
373,2020,1
374,2020,0
375,2020,4
376,2020,4
377,2020,4
378,2020,4
379,2020,0
380,2020,1
381,2020,4
382,2020,4
383,2020,4
384,2020,0
385,2020,0
386,2020,13
387,2020,9
388,2020,9
389,2020,7
390,2020,7
391,2020,7
392,2020,4
393,2020,33
394,2020,2
395,2020,0
396,2020,8
397,2020,33
398,2020,29
399,2020,41
400,2020,2
401,2020,2
402,2020,4
403,2020,13
404,2020,13
405,2020,29
406,2020,8
407,2020,31
408,2020,4
409,2020,41
410,2020,33
411,2020,31.666667
412,2020,17
413,2020,8
414,2020,12
415,2020,35.666667
416,2020,6.666667
417,2020,18.666667
418,2020,10.666667
419,2020,20.047619
420,2020,35.666667
421,2020,18.666667
422,2020,13.333333
423,2020,16.047619
424,2020,30.714286
425,2020,13
426,2020,21
427,2020,17.333333
428,2020,17.333333
429,2020,9.333333
430,2020,16
431,2020,4
432,2020,13.333333
433,2020,16
434,2020,30.714286
435,2020,4
436,2020,5
437,2020,30.714286
438,2020,16
439,2020,8
440,2020,8
441,2020,8
442,2020,4
443,2020,4
444,2020,4
445,2020,34.666667
446,2020,26.666667
447,2020,35.666667
448,2020,31.666667
449,2020,29
450,2020,18
451,2020,66.714286
452,2020,77.714286
453,2020,81.714286
454,2020,81.714286
455,2020,28
456,2020,28.047619
457,2020,24.047619
458,2020,20.047619
459,2020,20.047619
1,2025,64.42594814
2,2025,52.80021314
3,2025,51.83140189
4,2025,37.29923314
5,2025,39.72126126
6,2025,45.53412876
7,2025,39.72126126
8,2025,57.15986377
9,2025,64.91035377
10,2025,64.91035377
11,2025,48.44056251
12,2025,53.28461876
13,2025,56.19105252
14,2025,52.31580751
15,2025,43.59650626
16,2025,39.72126126
17,2025,75.0828719
18,2025,181.6521094
19,2025,102.2095869
20,2025,75.56727752
21,2025,84.28657877
22,2025,46.50294001
23,2025,37.78363876
24,2025,64.91035377
25,2025,45.53412876
26,2025,57.15986377
27,2025,50.37818501
28,2025,90.09944627
29,2025,101.7251813
30,2025,66.84797627
31,2025,45.53412876
32,2025,96.88112503
33,2025,104.631615
34,2025,159.8538563
35,2025,82.34895627
36,2025,177.2924588
37,2025,55.22224126
38,2025,100.75637
39,2025,32.93958251
40,2025,84.28657877
41,2025,73.62965502
42,2025,26.15790376
43,2025,67.81678752
44,2025,23.25147001
45,2025,62.97273127
46,2025,42.62769501
47,2025,86.22420127
48,2025,96.88112503
49,2025,42.62769501
50,2025,33.90839376
51,2025,37.78363876
52,2025,37.78363876
53,2025,35.84601626
54,2025,61.03510877
55,2025,73.62965502
56,2025,63.94154252
57,2025,69.75441002
58,2025,42.62769501
59,2025,48.44056251
60,2025,31.00196001
61,2025,68.78559877
62,2025,81.38014502
63,2025,56.19105252
64,2025,62.97273127
65,2025,66.84797627
66,2025,33.90839376
67,2025,39.72126126
68,2025,29.06433751
69,2025,23.25147001
70,2025,31.97077126
71,2025,31.97077126
72,2025,31.97077126
73,2025,40.20566689
74,2025,46.50294001
75,2025,92.5214744
76,2025,59.74336076
77,2025,46.01853439
78,2025,68.30119314
79,2025,87.67741815
80,2025,96.3967194
81,2025,234.9367282
82,2025,131.2739244
83,2025,89.77650951
84,2025,259.1570094
85,2025,289.1901582
86,2025,238.0046308
87,2025,177.9383333
88,2025,138.217072
89,2025,66.84797627
90,2025,41.65888376
91,2025,51.34699626
92,2025,63.45713689
93,2025,34.87720501
94,2025,40.69007251
95,2025,41.65888376
96,2025,46.50294001
97,2025,46.50294001
98,2025,7.750490002
99,2025,64.91035377
100,2025,19.37622501
101,2025,35.84601626
102,2025,17.4386025
103,2025,21.31384751
104,2025,43.59650626
105,2025,31.48636563
106,2025,3.875245001
107,2025,48.44056251
108,2025,90.09944627
109,2025,99.78755878
110,2025,28.09552626
111,2025,39.72126126
112,2025,36.81482751
113,2025,71.69203252
114,2025,111.4132938
115,2025,40.69007251
116,2025,53.28461876
117,2025,18.40741375
118,2025,90.09944627
119,2025,54.25343001
120,2025,52.31580751
121,2025,59.09748627
122,2025,41.65888376
123,2025,40.69007251
124,2025,39.72126126
125,2025,31.97077126
126,2025,23.25147001
127,2025,18.40741375
128,2025,24.22028126
129,2025,64.91035377
130,2025,48.44056251
131,2025,37.78363876
132,2025,32.93958251
133,2025,42.62769501
134,2025,33.90839376
135,2025,36.81482751
136,2025,39.72126126
137,2025,28.09552626
138,2025,29.06433751
139,2025,23.25147001
140,2025,29.06433751
141,2025,43.59650626
142,2025,28.09552626
143,2025,32.93958251
144,2025,39.72126126
145,2025,45.53412876
146,2025,39.72126126
147,2025,35.84601626
148,2025,29.06433751
149,2025,23.25147001
150,2025,19.37622501
151,2025,23.25147001
152,2025,25.18909251
153,2025,33.90839376
154,2025,63.94154252
155,2025,40.69007251
156,2025,37.78363876
157,2025,31.97077126
158,2025,31.00196001
159,2025,16.46979125
160,2025,13.5633575
161,2025,14.53216875
162,2025,3.875245001
163,2025,41.65888376
164,2025,23.25147001
165,2025,31.97077126
166,2025,14.53216875
167,2025,14.53216875
168,2025,31.97077126
169,2025,13.5633575
170,2025,293.0654032
171,2025,78.47371127
172,2025,21.31384751
173,2025,17.4386025
174,2025,20.34503626
175,2025,7.750490002
176,2025,13.5633575
177,2025,20.34503626
178,2025,1.937622501
179,2025,9.688112503
180,2025,0.96881125
181,2025,9.688112503
182,2025,7.750490002
183,2025,11.625735
184,2025,43.59650626
185,2025,4.844056251
186,2025,62.97273127
187,2025,41.65888376
188,2025,20.34503626
189,2025,26.15790376
190,2025,62.97273127
191,2025,30.03314876
192,2025,54.25343001
193,2025,48.44056251
194,2025,42.62769501
195,2025,50.86259064
196,2025,31.00196001
197,2025,14.53216875
198,2025,22.28265876
199,2025,31.00196001
200,2025,18.40741375
201,2025,22.28265876
202,2025,9.203706877
203,2025,14.04776313
204,2025,65.39475939
205,2025,24.22028126
206,2025,65.39475939
207,2025,65.39475939
208,2025,65.39475939
209,2025,5.812867502
210,2025,5.812867502
211,2025,46.01853439
212,2025,39.72126126
213,2025,43.59650626
214,2025,24.22028126
215,2025,5.812867502
216,2025,23.25147001
217,2025,23.25147001
218,2025,8.719301252
219,2025,14.53216875
220,2025,31.00196001
221,2025,9.688112503
222,2025,9.688112503
223,2025,1.937622501
224,2025,6.458741991
225,2025,6.458741991
226,2025,6.458741991
227,2025,6.458741991
228,2025,6.458741991
229,2025,8.719301252
230,2025,3.875245001
231,2025,3.390839376
232,2025,0
233,2025,9.203706877
234,2025,7.266084377
235,2025,5.166993012
236,2025,4.198181762
237,2025,6.135804262
238,2025,5.651398637
239,2025,4.682587387
240,2025,4.521119491
241,2025,4.521119491
242,2025,4.521119491
243,2025,4.521119491
244,2025,0
245,2025,0
246,2025,4.682587387
247,2025,6.135804262
248,2025,0.96881125
249,2025,0.96881125
250,2025,27.12671501
251,2025,0
252,2025,51.34699626
253,2025,21.31384751
254,2025,51.34699626
255,2025,43.59650626
256,2025,58.12867502
257,2025,25.18909251
258,2025,32.93958251
259,2025,27.12671501
260,2025,43.59650626
261,2025,50.37818501
262,2025,46.50294001
263,2025,17.92300813
264,2025,21.79825313
265,2025,17.4386025
266,2025,57.15986377
267,2025,21.31384751
268,2025,5.812867502
269,2025,21.31384751
270,2025,31.00196001
271,2025,58.12867502
272,2025,84.28657877
273,2025,80.41133377
274,2025,53.28461876
275,2025,5.812867502
276,2025,23.25147001
277,2025,14.53216875
278,2025,12.59454625
279,2025,12.59454625
280,2025,12.59454625
281,2025,19.37622501
282,2025,22.28265876
283,2025,19.37622501
284,2025,12.59454625
285,2025,19.37622501
286,2025,31.97077126
287,2025,31.97077126
288,2025,40.69007251
289,2025,33.90839376
290,2025,26.15790376
291,2025,36.81482751
292,2025,3.875245001
293,2025,11.625735
294,2025,24.22028126
295,2025,22.28265876
296,2025,19.37622501
297,2025,11.625735
298,2025,19.37622501
299,2025,23.25147001
300,2025,11.625735
301,2025,11.625735
302,2025,15.50098
303,2025,15.50098
304,2025,5.812867502
305,2025,5.812867502
306,2025,3.875245001
307,2025,9.688112503
308,2025,17.4386025
309,2025,14.04776313
310,2025,14.04776313
311,2025,0
312,2025,21.79825313
313,2025,9.688112503
314,2025,49.40937376
315,2025,37.78363876
316,2025,22.76706438
317,2025,23.73587563
318,2025,27.61112063
319,2025,17.4386025
320,2025,17.4386025
321,2025,15.01657438
322,2025,12.11014063
323,2025,9.688112503
324,2025,21.31384751
325,2025,17.4386025
326,2025,7.750490002
327,2025,14.53216875
328,2025,7.750490002
329,2025,3.875245001
330,2025,25.18909251
331,2025,26.15790376
332,2025,7.750490002
333,2025,29.06433751
334,2025,7.750490002
335,2025,7.750490002
336,2025,6.781678752
337,2025,29.06433751
338,2025,28.09552626
339,2025,27.12671501
340,2025,20.34503626
341,2025,1.937622501
342,2025,1.937622501
343,2025,4.844056251
344,2025,10.65692375
345,2025,8.234895627
346,2025,8.234895627
347,2025,0
348,2025,11.14132938
349,2025,10.17251813
350,2025,11.14132938
351,2025,10.65692375
352,2025,2.906433751
353,2025,0.96881125
354,2025,0.96881125
355,2025,0
356,2025,0.96881125
357,2025,0.96881125
358,2025,0
359,2025,0
360,2025,0.96881125
361,2025,0
362,2025,0
363,2025,0
364,2025,4.844056251
365,2025,4.844056251
366,2025,3.875245001
367,2025,10.65692375
368,2025,10.65692375
369,2025,4.844056251
370,2025,4.844056251
371,2025,4.844056251
372,2025,4.844056251
373,2025,0.96881125
374,2025,0
375,2025,3.875245001
376,2025,3.875245001
377,2025,3.875245001
378,2025,3.875245001
379,2025,0
380,2025,0.96881125
381,2025,3.875245001
382,2025,3.875245001
383,2025,3.875245001
384,2025,0
385,2025,0
386,2025,12.59454625
387,2025,8.719301252
388,2025,8.719301252
389,2025,6.781678752
390,2025,6.781678752
391,2025,6.781678752
392,2025,3.875245001
393,2025,31.97077126
394,2025,1.937622501
395,2025,0
396,2025,7.750490002
397,2025,31.97077126
398,2025,28.09552626
399,2025,39.72126126
400,2025,1.937622501
401,2025,1.937622501
402,2025,3.875245001
403,2025,12.59454625
404,2025,12.59454625
405,2025,28.09552626
406,2025,7.750490002
407,2025,30.03314876
408,2025,3.875245001
409,2025,39.72126126
410,2025,31.97077126
411,2025,30.67902325
412,2025,16.46979125
413,2025,7.750490002
414,2025,11.625735
415,2025,34.55426825
416,2025,6.458741991
417,2025,18.08447699
418,2025,10.33398699
419,2025,19.42235883
420,2025,34.55426825
421,2025,18.08447699
422,2025,12.91748301
423,2025,15.54711383
424,2025,29.75634582
425,2025,12.59454625
426,2025,20.34503626
427,2025,16.79272801
428,2025,16.79272801
429,2025,9.042238013
430,2025,15.50098
431,2025,3.875245001
432,2025,12.91748301
433,2025,15.50098
434,2025,29.75634582
435,2025,3.875245001
436,2025,4.844056251
437,2025,29.75634582
438,2025,15.50098
439,2025,7.750490002
440,2025,7.750490002
441,2025,7.750490002
442,2025,3.875245001
443,2025,3.875245001
444,2025,3.875245001
445,2025,33.585457
446,2025,25.834967
447,2025,34.55426825
448,2025,30.67902325
449,2025,28.09552626
450,2025,17.4386025
451,2025,64.63355083
452,2025,75.29047458
453,2025,79.16571958
454,2025,79.16571958
455,2025,27.12671501
456,2025,27.17284883
457,2025,23.29760383
458,2025,19.42235883
459,2025,19.42235883
1,2030,54
2,2030,41
3,2030,42
4,2030,31
5,2030,36
6,2030,38
7,2030,30
8,2030,40
9,2030,62
10,2030,58
11,2030,36
12,2030,36
13,2030,44
14,2030,42
15,2030,30
16,2030,28
17,2030,56
18,2030,145.153846
19,2030,86
20,2030,58
21,2030,62
22,2030,40
23,2030,32
24,2030,58
25,2030,42
26,2030,50
27,2030,46
28,2030,80
29,2030,88
30,2030,60
31,2030,42
32,2030,78
33,2030,88
34,2030,150.307692
35,2030,84
36,2030,160.307692
37,2030,50
38,2030,84
39,2030,20
40,2030,64
41,2030,56
42,2030,20
43,2030,56
44,2030,20
45,2030,56
46,2030,36
47,2030,74
48,2030,94
49,2030,30
50,2030,22
51,2030,30
52,2030,34
53,2030,32
54,2030,62
55,2030,76
56,2030,60
57,2030,64
58,2030,40
59,2030,38
60,2030,32
61,2030,64
62,2030,70
63,2030,58
64,2030,66
65,2030,68
66,2030,40
67,2030,38
68,2030,28
69,2030,28
70,2030,34
71,2030,38
72,2030,40
73,2030,51.307692
74,2030,60.307692
75,2030,86.423077
76,2030,49.423077
77,2030,52.423077
78,2030,72.423077
79,2030,94.423077
80,2030,100.730769
81,2030,207.807692
82,2030,112.423077
83,2030,63.423077
84,2030,181.423077
85,2030,207.423077
86,2030,189.423077
87,2030,135.423077
88,2030,111.423077
89,2030,43.423077
90,2030,35.423077
91,2030,29.423077
92,2030,54
93,2030,16
94,2030,26
95,2030,22
96,2030,26
97,2030,26
98,2030,4
99,2030,41.423077
100,2030,14
101,2030,33.423077
102,2030,12
103,2030,15.423077
104,2030,39.423077
105,2030,45
106,2030,2
107,2030,50
108,2030,98
109,2030,107.333333
110,2030,24
111,2030,36
112,2030,46
113,2030,80
114,2030,108
115,2030,60
116,2030,48
117,2030,22
118,2030,88
119,2030,56
120,2030,58
121,2030,44
122,2030,38
123,2030,40
124,2030,44
125,2030,30
126,2030,28
127,2030,27
128,2030,24
129,2030,54
130,2030,40
131,2030,28
132,2030,28
133,2030,40
134,2030,34
135,2030,42
136,2030,46
137,2030,32
138,2030,28
139,2030,18
140,2030,36
141,2030,48
142,2030,30
143,2030,38
144,2030,40
145,2030,48
146,2030,46
147,2030,40
148,2030,26
149,2030,30
150,2030,22
151,2030,30
152,2030,23
153,2030,21
154,2030,57
155,2030,44
156,2030,40
157,2030,47.333333
158,2030,32
159,2030,20
160,2030,16
161,2030,16
162,2030,5
163,2030,40
164,2030,21
165,2030,33
166,2030,9
167,2030,16
168,2030,33
169,2030,12
170,2030,223.730769
171,2030,78.307692
172,2030,21
173,2030,14
174,2030,22
175,2030,6
176,2030,8
177,2030,26
178,2030,0
179,2030,8
180,2030,4
181,2030,8
182,2030,8
183,2030,15
184,2030,42
185,2030,8
186,2030,53
187,2030,37
188,2030,23
189,2030,25
190,2030,49
191,2030,25
192,2030,45
193,2030,38
194,2030,41
195,2030,46
196,2030,26
197,2030,14
198,2030,19
199,2030,26
200,2030,19
201,2030,22
202,2030,9
203,2030,16
204,2030,63
205,2030,22
206,2030,65
207,2030,61
208,2030,65
209,2030,4
210,2030,6
211,2030,40
212,2030,34
213,2030,42
214,2030,23
215,2030,5
216,2030,17
217,2030,17
218,2030,9
219,2030,24
220,2030,26
221,2030,10
222,2030,10
223,2030,2
224,2030,6.666667
225,2030,6.666667
226,2030,6.666667
227,2030,6.666667
228,2030,6.666667
229,2030,8
230,2030,4
231,2030,3
232,2030,2
233,2030,9
234,2030,7
235,2030,5.333333
236,2030,4.333333
237,2030,6.333333
238,2030,5.333333
239,2030,4.333333
240,2030,4.666667
241,2030,4.666667
242,2030,4.666667
243,2030,4.666667
244,2030,0
245,2030,0
246,2030,4.333333
247,2030,6.333333
248,2030,1
249,2030,1
250,2030,22
251,2030,0
252,2030,48
253,2030,24
254,2030,50
255,2030,36
256,2030,62
257,2030,20
258,2030,28
259,2030,28
260,2030,30
261,2030,44
262,2030,44
263,2030,10.5
264,2030,14.5
265,2030,26
266,2030,50
267,2030,32
268,2030,12
269,2030,32
270,2030,28
271,2030,68
272,2030,92
273,2030,88
274,2030,60
275,2030,18
276,2030,26
277,2030,20
278,2030,12
279,2030,16
280,2030,16
281,2030,16
282,2030,16
283,2030,12
284,2030,8
285,2030,16
286,2030,44
287,2030,58
288,2030,50
289,2030,34
290,2030,48
291,2030,42
292,2030,20
293,2030,20
294,2030,26
295,2030,30
296,2030,20
297,2030,16
298,2030,28
299,2030,32
300,2030,24
301,2030,24
302,2030,28
303,2030,24
304,2030,12
305,2030,12
306,2030,16
307,2030,20
308,2030,8
309,2030,8.5
310,2030,16.5
311,2030,12
312,2030,16.5
313,2030,8
314,2030,48
315,2030,36.5
316,2030,30
317,2030,30
318,2030,34
319,2030,6
320,2030,6
321,2030,10
322,2030,8
323,2030,6
324,2030,18
325,2030,6
326,2030,12
327,2030,28
328,2030,16
329,2030,8
330,2030,40
331,2030,28
332,2030,4
333,2030,33
334,2030,4
335,2030,4
336,2030,9
337,2030,33
338,2030,32
339,2030,48
340,2030,36
341,2030,4
342,2030,4
343,2030,9
344,2030,9
345,2030,6
346,2030,6
347,2030,0
348,2030,9
349,2030,8
350,2030,9
351,2030,7
352,2030,3
353,2030,1
354,2030,1
355,2030,0
356,2030,1
357,2030,1
358,2030,0
359,2030,0
360,2030,1
361,2030,2
362,2030,2
363,2030,4
364,2030,6
365,2030,5
366,2030,0
367,2030,28
368,2030,27
369,2030,6
370,2030,6
371,2030,6
372,2030,6
373,2030,1
374,2030,0
375,2030,5
376,2030,5
377,2030,5
378,2030,4
379,2030,0
380,2030,2
381,2030,18
382,2030,4
383,2030,32
384,2030,0
385,2030,0
386,2030,31
387,2030,27
388,2030,11
389,2030,7
390,2030,7
391,2030,7
392,2030,6
393,2030,34
394,2030,12
395,2030,8
396,2030,12
397,2030,26
398,2030,30
399,2030,42
400,2030,5
401,2030,2
402,2030,4
403,2030,31
404,2030,29
405,2030,28
406,2030,8
407,2030,30
408,2030,4
409,2030,42
410,2030,32
411,2030,34
412,2030,33
413,2030,12
414,2030,16
415,2030,39
416,2030,10
417,2030,22
418,2030,14
419,2030,28.333333
420,2030,39
421,2030,26
422,2030,20
423,2030,16.333333
424,2030,24.333333
425,2030,25
426,2030,33
427,2030,20
428,2030,24
429,2030,20
430,2030,24
431,2030,20
432,2030,20
433,2030,24
434,2030,28.333333
435,2030,22
436,2030,22
437,2030,28.333333
438,2030,36
439,2030,8
440,2030,12
441,2030,20
442,2030,20
443,2030,5
444,2030,5
445,2030,30
446,2030,30
447,2030,32
448,2030,34
449,2030,28
450,2030,24
451,2030,67
452,2030,75
453,2030,79
454,2030,79
455,2030,20
456,2030,31
457,2030,27
458,2030,23
459,2030,23
1,2035,55.30857937
2,2035,44.05937679
3,2035,44.99681034
4,2035,34.6850413
5,2035,39.37220905
6,2035,39.37220905
7,2035,31.87274066
8,2035,41.24707614
9,2035,59.99574712
10,2035,58.12088002
11,2035,37.49734195
12,2035,35.62247485
13,2035,46.87167743
14,2035,43.12194324
15,2035,35.62247485
16,2035,31.87274066
17,2035,59.99574712
18,2035,148.2587211
19,2035,88.11875358
20,2035,62.80804776
21,2035,65.62034841
22,2035,43.12194324
23,2035,35.62247485
24,2035,61.87061421
25,2035,43.12194324
26,2035,52.49627873
27,2035,46.87167743
28,2035,78.74441809
29,2035,86.24388648
30,2035,59.05831357
31,2035,44.99681034
32,2035,80.61928519
33,2035,89.99362067
34,2035,163.4018783
35,2035,93.74335487
36,2035,170.9013467
37,2035,52.49627873
38,2035,82.49415229
39,2035,20.62353807
40,2035,63.74548131
41,2035,56.24601292
42,2035,22.49840517
43,2035,56.24601292
44,2035,20.62353807
45,2035,54.37114582
46,2035,35.62247485
47,2035,71.2449497
48,2035,89.99362067
49,2035,29.99787356
50,2035,20.62353807
51,2035,29.99787356
52,2035,34.6850413
53,2035,33.74760775
54,2035,61.87061421
55,2035,86.24388648
56,2035,69.3700826
57,2035,73.1198168
58,2035,41.24707614
59,2035,39.37220905
60,2035,31.87274066
61,2035,65.62034841
62,2035,71.2449497
63,2035,67.49521551
64,2035,76.86955099
65,2035,76.86955099
66,2035,43.12194324
67,2035,39.37220905
68,2035,29.99787356
69,2035,29.99787356
70,2035,37.49734195
71,2035,41.24707614
72,2035,43.12194324
73,2035,50.90985243
74,2035,58.40932082
75,2035,84.76562596
76,2035,46.33085046
77,2035,52.8928853
78,2035,71.64155627
79,2035,92.26509435
80,2035,98.17813644
81,2035,230.428377
82,2035,109.1388982
83,2035,59.45492014
84,2035,203.8196866
85,2035,230.067826
86,2035,209.4442879
87,2035,147.5736737
88,2035,123.2004015
89,2035,57.58005304
90,2035,42.58111626
91,2035,40.70624917
92,2035,58.12088002
93,2035,29.99787356
94,2035,39.37220905
95,2035,33.74760775
96,2035,39.37220905
97,2035,39.37220905
98,2035,5.624601292
99,2035,55.70518595
100,2035,18.74867097
101,2035,40.70624917
102,2035,14.99893678
103,2035,18.207844
104,2035,38.83138207
105,2035,45.93424389
106,2035,1.874867097
107,2035,48.74654453
108,2035,101.2428233
109,2035,104.3676014
110,2035,24.37327227
111,2035,35.62247485
112,2035,44.99681034
113,2035,76.86955099
114,2035,103.1176904
115,2035,56.24601292
116,2035,44.99681034
117,2035,20.62353807
118,2035,86.24388648
119,2035,58.12088002
120,2035,59.99574712
121,2035,44.99681034
122,2035,39.37220905
123,2035,41.24707614
124,2035,43.12194324
125,2035,31.87274066
126,2035,31.87274066
127,2035,30.93530711
128,2035,24.37327227
129,2035,54.37114582
130,2035,41.24707614
131,2035,29.99787356
132,2035,28.12300646
133,2035,41.24707614
134,2035,35.62247485
135,2035,41.24707614
136,2035,44.99681034
137,2035,29.99787356
138,2035,26.24813936
139,2035,16.87380388
140,2035,35.62247485
141,2035,46.87167743
142,2035,28.12300646
143,2035,37.49734195
144,2035,41.24707614
145,2035,48.74654453
146,2035,46.87167743
147,2035,41.24707614
148,2035,28.12300646
149,2035,29.99787356
150,2035,22.49840517
151,2035,29.99787356
152,2035,25.31070581
153,2035,23.43583872
154,2035,60.93318067
155,2035,44.99681034
156,2035,39.37220905
157,2035,46.24672142
158,2035,33.74760775
159,2035,18.74867097
160,2035,16.87380388
161,2035,18.74867097
162,2035,4.687167743
163,2035,41.24707614
164,2035,23.43583872
165,2035,34.6850413
166,2035,10.31176904
167,2035,18.74867097
168,2035,34.6850413
169,2035,13.12406968
170,2035,247.2300707
171,2035,88.40719438
172,2035,23.43583872
173,2035,16.87380388
174,2035,33.74760775
175,2035,9.374335487
176,2035,26.24813936
177,2035,35.62247485
178,2035,0
179,2035,7.49946839
180,2035,3.749734195
181,2035,7.49946839
182,2035,7.49946839
183,2035,14.06150323
184,2035,43.12194324
185,2035,7.49946839
186,2035,55.30857937
187,2035,40.30964259
188,2035,27.18557291
189,2035,27.18557291
190,2035,49.68397808
191,2035,25.31070581
192,2035,45.93424389
193,2035,39.37220905
194,2035,42.18450969
195,2035,46.87167743
196,2035,28.12300646
197,2035,13.12406968
198,2035,19.68610452
199,2035,28.12300646
200,2035,19.68610452
201,2035,22.49840517
202,2035,8.436901938
203,2035,16.87380388
204,2035,62.80804776
205,2035,22.49840517
206,2035,66.55778196
207,2035,60.93318067
208,2035,66.55778196
209,2035,3.749734195
210,2035,5.624601292
211,2035,41.24707614
212,2035,35.62247485
213,2035,43.12194324
214,2035,25.31070581
215,2035,4.687167743
216,2035,17.81123743
217,2035,17.81123743
218,2035,10.31176904
219,2035,24.37327227
220,2035,24.37327227
221,2035,9.374335487
222,2035,9.374335487
223,2035,1.874867097
224,2035,6.249557304
225,2035,6.249557304
226,2035,6.249557304
227,2035,6.249557304
228,2035,6.249557304
229,2035,7.49946839
230,2035,3.749734195
231,2035,2.812300646
232,2035,1.874867097
233,2035,8.436901938
234,2035,6.562034841
235,2035,4.999645281
236,2035,4.062211732
237,2035,5.937078829
238,2035,4.999645281
239,2035,4.062211732
240,2035,4.374690206
241,2035,4.374690206
242,2035,4.374690206
243,2035,4.374690206
244,2035,0
245,2035,0
246,2035,4.062211732
247,2035,5.937078829
248,2035,0.937433549
249,2035,0.937433549
250,2035,20.62353807
251,2035,0
252,2035,46.87167743
253,2035,24.37327227
254,2035,48.74654453
255,2035,37.49734195
256,2035,65.62034841
257,2035,26.24813936
258,2035,33.74760775
259,2035,35.62247485
260,2035,46.87167743
261,2035,54.37114582
262,2035,54.37114582
263,2035,9.843052261
264,2035,13.59278646
265,2035,35.62247485
266,2035,48.74654453
267,2035,33.74760775
268,2035,13.12406968
269,2035,33.74760775
270,2035,31.87274066
271,2035,71.2449497
272,2035,93.74335487
273,2035,89.99362067
274,2035,59.05831357
275,2035,16.87380388
276,2035,26.24813936
277,2035,18.74867097
278,2035,11.24920258
279,2035,14.99893678
280,2035,14.99893678
281,2035,14.99893678
282,2035,14.99893678
283,2035,11.24920258
284,2035,7.49946839
285,2035,14.99893678
286,2035,41.24707614
287,2035,54.37114582
288,2035,46.87167743
289,2035,31.87274066
290,2035,44.99681034
291,2035,39.37220905
292,2035,18.74867097
293,2035,22.49840517
294,2035,24.37327227
295,2035,28.12300646
296,2035,18.74867097
297,2035,14.99893678
298,2035,26.24813936
299,2035,29.99787356
300,2035,24.37327227
301,2035,22.49840517
302,2035,26.24813936
303,2035,22.49840517
304,2035,13.12406968
305,2035,13.12406968
306,2035,14.99893678
307,2035,18.74867097
308,2035,7.49946839
309,2035,7.968185164
310,2035,17.34252065
311,2035,13.12406968
312,2035,17.34252065
313,2035,9.374335487
314,2035,44.99681034
315,2035,37.96605872
316,2035,31.87274066
317,2035,31.87274066
318,2035,43.12194324
319,2035,5.624601292
320,2035,5.624601292
321,2035,11.24920258
322,2035,9.374335487
323,2035,7.49946839
324,2035,18.74867097
325,2035,5.624601292
326,2035,14.99893678
327,2035,29.99787356
328,2035,18.74867097
329,2035,11.24920258
330,2035,41.24707614
331,2035,26.24813936
332,2035,7.49946839
333,2035,30.93530711
334,2035,7.49946839
335,2035,7.49946839
336,2035,8.436901938
337,2035,30.93530711
338,2035,29.99787356
339,2035,48.74654453
340,2035,37.49734195
341,2035,3.749734195
342,2035,3.749734195
343,2035,8.436901938
344,2035,8.436901938
345,2035,5.624601292
346,2035,5.624601292
347,2035,0
348,2035,8.436901938
349,2035,7.49946839
350,2035,8.436901938
351,2035,6.562034841
352,2035,2.812300646
353,2035,0.937433549
354,2035,0.937433549
355,2035,0
356,2035,0.937433549
357,2035,0.937433549
358,2035,0
359,2035,0
360,2035,0.937433549
361,2035,1.874867097
362,2035,1.874867097
363,2035,3.749734195
364,2035,5.624601292
365,2035,4.687167743
366,2035,0
367,2035,26.24813936
368,2035,25.31070581
369,2035,5.624601292
370,2035,5.624601292
371,2035,5.624601292
372,2035,5.624601292
373,2035,0.937433549
374,2035,0
375,2035,4.687167743
376,2035,4.687167743
377,2035,4.687167743
378,2035,3.749734195
379,2035,0
380,2035,1.874867097
381,2035,16.87380388
382,2035,3.749734195
383,2035,29.99787356
384,2035,0
385,2035,0
386,2035,29.06044001
387,2035,25.31070581
388,2035,10.31176904
389,2035,6.562034841
390,2035,6.562034841
391,2035,6.562034841
392,2035,5.624601292
393,2035,31.87274066
394,2035,11.24920258
395,2035,7.49946839
396,2035,11.24920258
397,2035,24.37327227
398,2035,28.12300646
399,2035,39.37220905
400,2035,4.687167743
401,2035,1.874867097
402,2035,3.749734195
403,2035,29.06044001
404,2035,27.18557291
405,2035,26.24813936
406,2035,5.624601292
407,2035,28.12300646
408,2035,3.749734195
409,2035,39.37220905
410,2035,29.99787356
411,2035,31.87274066
412,2035,30.93530711
413,2035,11.24920258
414,2035,14.99893678
415,2035,36.5599084
416,2035,9.374335487
417,2035,20.62353807
418,2035,13.12406968
419,2035,26.5606169
420,2035,36.5599084
421,2035,24.37327227
422,2035,18.74867097
423,2035,15.31141432
424,2035,22.81088271
425,2035,23.43583872
426,2035,30.93530711
427,2035,18.74867097
428,2035,22.49840517
429,2035,18.74867097
430,2035,22.49840517
431,2035,18.74867097
432,2035,18.74867097
433,2035,22.49840517
434,2035,26.5606169
435,2035,20.62353807
436,2035,20.62353807
437,2035,26.5606169
438,2035,33.74760775
439,2035,7.49946839
440,2035,11.24920258
441,2035,18.74867097
442,2035,18.74867097
443,2035,4.687167743
444,2035,4.687167743
445,2035,28.12300646
446,2035,28.12300646
447,2035,29.99787356
448,2035,31.87274066
449,2035,26.24813936
450,2035,22.49840517
451,2035,49.68397808
452,2035,84.36901938
453,2035,88.11875358
454,2035,88.11875358
455,2035,18.74867097
456,2035,29.06044001
457,2035,25.31070581
458,2035,21.56097162
459,2035,21.56097162
1,2040,57.15428969
2,2040,45.52968839
3,2040,46.49840517
4,2040,35.84252065
5,2040,40.68610452
6,2040,40.68610452
7,2040,32.93637033
8,2040,42.62353807
9,2040,61.99787356
10,2040,60.06044001
11,2040,38.74867097
12,2040,36.81123743
13,2040,48.43583872
14,2040,44.56097162
15,2040,36.81123743
16,2040,32.93637033
17,2040,61.99787356
18,2040,153.2062835
19,2040,91.05937679
20,2040,64.90402388
21,2040,67.8101742
22,2040,44.56097162
23,2040,36.81123743
24,2040,63.93530711
25,2040,44.56097162
26,2040,54.24813936
27,2040,48.43583872
28,2040,81.37220905
29,2040,89.12194324
30,2040,61.02915678
31,2040,46.49840517
32,2040,83.30964259
33,2040,92.99681034
34,2040,168.8547851
35,2040,96.87167743
36,2040,176.6045193
37,2040,54.24813936
38,2040,85.24707614
39,2040,21.31176904
40,2040,65.87274066
41,2040,58.12300646
42,2040,23.24920258
43,2040,58.12300646
44,2040,21.31176904
45,2040,56.18557291
46,2040,36.81123743
47,2040,73.62247485
48,2040,92.99681034
49,2040,30.99893678
50,2040,21.31176904
51,2040,30.99893678
52,2040,35.84252065
53,2040,34.87380388
54,2040,63.93530711
55,2040,89.12194324
56,2040,71.6850413
57,2040,75.5599084
58,2040,42.62353807
59,2040,40.68610452
60,2040,32.93637033
61,2040,67.8101742
62,2040,73.62247485
63,2040,69.74760775
64,2040,79.4347755
65,2040,79.4347755
66,2040,44.56097162
67,2040,40.68610452
68,2040,30.99893678
69,2040,30.99893678
70,2040,38.74867097
71,2040,42.62353807
72,2040,44.56097162
73,2040,52.60877222
74,2040,60.35850641
75,2040,87.59435148
76,2040,47.87696373
77,2040,54.65798115
78,2040,74.03231664
79,2040,95.34408567
80,2040,101.4544527
81,2040,238.1180345
82,2040,112.7809876
83,2040,61.43899857
84,2040,210.6213818
85,2040,237.7454515
86,2040,216.4336825
87,2040,152.4983754
88,2040,127.3117392
89,2040,59.50156502
90,2040,44.00209663
91,2040,42.06466308
92,2040,60.06044001
93,2040,30.99893678
94,2040,40.68610452
95,2040,34.87380388
96,2040,40.68610452
97,2040,40.68610452
98,2040,5.812300646
99,2040,57.56413147
100,2040,19.37433549
101,2040,42.06466308
102,2040,15.49946839
103,2040,18.8154605
104,2040,40.12722953
105,2040,47.46712194
106,2040,1.937433549
107,2040,50.37327227
108,2040,104.6214116
109,2040,107.8504672
110,2040,25.18663613
111,2040,36.81123743
112,2040,46.49840517
113,2040,79.4347755
114,2040,106.5588452
115,2040,58.12300646
116,2040,46.49840517
117,2040,21.31176904
118,2040,89.12194324
119,2040,60.06044001
120,2040,61.99787356
121,2040,46.49840517
122,2040,40.68610452
123,2040,42.62353807
124,2040,44.56097162
125,2040,32.93637033
126,2040,32.93637033
127,2040,31.96765355
128,2040,25.18663613
129,2040,56.18557291
130,2040,42.62353807
131,2040,30.99893678
132,2040,29.06150323
133,2040,42.62353807
134,2040,36.81123743
135,2040,42.62353807
136,2040,46.49840517
137,2040,30.99893678
138,2040,27.12406968
139,2040,17.43690194
140,2040,36.81123743
141,2040,48.43583872
142,2040,29.06150323
143,2040,38.74867097
144,2040,42.62353807
145,2040,50.37327227
146,2040,48.43583872
147,2040,42.62353807
148,2040,29.06150323
149,2040,30.99893678
150,2040,23.24920258
151,2040,30.99893678
152,2040,26.15535291
153,2040,24.21791936
154,2040,62.96659033
155,2040,46.49840517
156,2040,40.68610452
157,2040,47.79002721
158,2040,34.87380388
159,2040,19.37433549
160,2040,17.43690194
161,2040,19.37433549
162,2040,4.843583872
163,2040,42.62353807
164,2040,24.21791936
165,2040,35.84252065
166,2040,10.65588452
167,2040,19.37433549
168,2040,35.84252065
169,2040,13.56203484
170,2040,255.4804198
171,2040,91.35744319
172,2040,24.21791936
173,2040,17.43690194
174,2040,34.87380388
175,2040,9.687167743
176,2040,27.12406968
177,2040,36.81123743
178,2040,0
179,2040,7.749734195
180,2040,3.874867097
181,2040,7.749734195
182,2040,7.749734195
183,2040,14.53075162
184,2040,44.56097162
185,2040,7.749734195
186,2040,57.15428969
187,2040,41.6548213
188,2040,28.09278646
189,2040,28.09278646
190,2040,51.34198904
191,2040,26.15535291
192,2040,47.46712194
193,2040,40.68610452
194,2040,43.59225485
195,2040,48.43583872
196,2040,29.06150323
197,2040,13.56203484
198,2040,20.34305226
199,2040,29.06150323
200,2040,20.34305226
201,2040,23.24920258
202,2040,8.718450969
203,2040,17.43690194
204,2040,64.90402388
205,2040,23.24920258
206,2040,68.77889098
207,2040,62.96659033
208,2040,68.77889098
209,2040,3.874867097
210,2040,5.812300646
211,2040,42.62353807
212,2040,36.81123743
213,2040,44.56097162
214,2040,26.15535291
215,2040,4.843583872
216,2040,18.40561871
217,2040,18.40561871
218,2040,10.65588452
219,2040,25.18663613
220,2040,25.18663613
221,2040,9.687167743
222,2040,9.687167743
223,2040,1.937433549
224,2040,6.458112152
225,2040,6.458112152
226,2040,6.458112152
227,2040,6.458112152
228,2040,6.458112152
229,2040,7.749734195
230,2040,3.874867097
231,2040,2.906150323
232,2040,1.937433549
233,2040,8.718450969
234,2040,6.78101742
235,2040,5.16648914
236,2040,4.197772366
237,2040,6.135205915
238,2040,5.16648914
239,2040,4.197772366
240,2040,4.520678603
241,2040,4.520678603
242,2040,4.520678603
243,2040,4.520678603
244,2040,0
245,2040,0
246,2040,4.197772366
247,2040,6.135205915
248,2040,0.968716774
249,2040,0.968716774
250,2040,21.31176904
251,2040,0
252,2040,48.43583872
253,2040,25.18663613
254,2040,50.37327227
255,2040,38.74867097
256,2040,67.8101742
257,2040,27.12406968
258,2040,34.87380388
259,2040,36.81123743
260,2040,48.43583872
261,2040,56.18557291
262,2040,56.18557291
263,2040,10.17152613
264,2040,14.04639323
265,2040,36.81123743
266,2040,50.37327227
267,2040,34.87380388
268,2040,13.56203484
269,2040,34.87380388
270,2040,32.93637033
271,2040,73.62247485
272,2040,96.87167743
273,2040,92.99681034
274,2040,61.02915678
275,2040,17.43690194
276,2040,27.12406968
277,2040,19.37433549
278,2040,11.62460129
279,2040,15.49946839
280,2040,15.49946839
281,2040,15.49946839
282,2040,15.49946839
283,2040,11.62460129
284,2040,7.749734195
285,2040,15.49946839
286,2040,42.62353807
287,2040,56.18557291
288,2040,48.43583872
289,2040,32.93637033
290,2040,46.49840517
291,2040,40.68610452
292,2040,19.37433549
293,2040,23.24920258
294,2040,25.18663613
295,2040,29.06150323
296,2040,19.37433549
297,2040,15.49946839
298,2040,27.12406968
299,2040,30.99893678
300,2040,25.18663613
301,2040,23.24920258
302,2040,27.12406968
303,2040,23.24920258
304,2040,13.56203484
305,2040,13.56203484
306,2040,15.49946839
307,2040,19.37433549
308,2040,7.749734195
309,2040,8.234092582
310,2040,17.92126033
311,2040,13.56203484
312,2040,17.92126033
313,2040,9.687167743
314,2040,46.49840517
315,2040,39.23302936
316,2040,32.93637033
317,2040,32.93637033
318,2040,44.56097162
319,2040,5.812300646
320,2040,5.812300646
321,2040,11.62460129
322,2040,9.687167743
323,2040,7.749734195
324,2040,19.37433549
325,2040,5.812300646
326,2040,15.49946839
327,2040,30.99893678
328,2040,19.37433549
329,2040,11.62460129
330,2040,42.62353807
331,2040,27.12406968
332,2040,7.749734195
333,2040,31.96765355
334,2040,7.749734195
335,2040,7.749734195
336,2040,8.718450969
337,2040,31.96765355
338,2040,30.99893678
339,2040,50.37327227
340,2040,38.74867097
341,2040,3.874867097
342,2040,3.874867097
343,2040,8.718450969
344,2040,8.718450969
345,2040,5.812300646
346,2040,5.812300646
347,2040,0
348,2040,8.718450969
349,2040,7.749734195
350,2040,8.718450969
351,2040,6.78101742
352,2040,2.906150323
353,2040,0.968716774
354,2040,0.968716774
355,2040,0
356,2040,0.968716774
357,2040,0.968716774
358,2040,0
359,2040,0
360,2040,0.968716774
361,2040,1.937433549
362,2040,1.937433549
363,2040,3.874867097
364,2040,5.812300646
365,2040,4.843583872
366,2040,0
367,2040,27.12406968
368,2040,26.15535291
369,2040,5.812300646
370,2040,5.812300646
371,2040,5.812300646
372,2040,5.812300646
373,2040,0.968716774
374,2040,0
375,2040,4.843583872
376,2040,4.843583872
377,2040,4.843583872
378,2040,3.874867097
379,2040,0
380,2040,1.937433549
381,2040,17.43690194
382,2040,3.874867097
383,2040,30.99893678
384,2040,0
385,2040,0
386,2040,30.03022
387,2040,26.15535291
388,2040,10.65588452
389,2040,6.78101742
390,2040,6.78101742
391,2040,6.78101742
392,2040,5.812300646
393,2040,32.93637033
394,2040,11.62460129
395,2040,7.749734195
396,2040,11.62460129
397,2040,25.18663613
398,2040,29.06150323
399,2040,40.68610452
400,2040,4.843583872
401,2040,1.937433549
402,2040,3.874867097
403,2040,30.03022
404,2040,28.09278646
405,2040,27.12406968
406,2040,5.812300646
407,2040,29.06150323
408,2040,3.874867097
409,2040,40.68610452
410,2040,30.99893678
411,2040,32.93637033
412,2040,31.96765355
413,2040,11.62460129
414,2040,15.49946839
415,2040,37.7799542
416,2040,9.687167743
417,2040,21.31176904
418,2040,13.56203484
419,2040,27.44697495
420,2040,37.7799542
421,2040,25.18663613
422,2040,19.37433549
423,2040,15.82237366
424,2040,23.57210785
425,2040,24.21791936
426,2040,31.96765355
427,2040,19.37433549
428,2040,23.24920258
429,2040,19.37433549
430,2040,23.24920258
431,2040,19.37433549
432,2040,19.37433549
433,2040,23.24920258
434,2040,27.44697495
435,2040,21.31176904
436,2040,21.31176904
437,2040,27.44697495
438,2040,34.87380388
439,2040,7.749734195
440,2040,11.62460129
441,2040,19.37433549
442,2040,19.37433549
443,2040,4.843583872
444,2040,4.843583872
445,2040,29.06150323
446,2040,29.06150323
447,2040,30.99893678
448,2040,32.93637033
449,2040,27.12406968
450,2040,23.24920258
451,2040,51.34198904
452,2040,87.18450969
453,2040,91.05937679
454,2040,91.05937679
455,2040,19.37433549
456,2040,30.03022
457,2040,26.15535291
458,2040,22.28048581
459,2040,22.28048581
1,2045,59
2,2045,47
3,2045,48
4,2045,37
5,2045,42
6,2045,42
7,2045,34
8,2045,44
9,2045,64
10,2045,62
11,2045,40
12,2045,38
13,2045,50
14,2045,46
15,2045,38
16,2045,34
17,2045,64
18,2045,158.153846
19,2045,94
20,2045,67
21,2045,70
22,2045,46
23,2045,38
24,2045,66
25,2045,46
26,2045,56
27,2045,50
28,2045,84
29,2045,92
30,2045,63
31,2045,48
32,2045,86
33,2045,96
34,2045,174.307692
35,2045,100
36,2045,182.307692
37,2045,56
38,2045,88
39,2045,22
40,2045,68
41,2045,60
42,2045,24
43,2045,60
44,2045,22
45,2045,58
46,2045,38
47,2045,76
48,2045,96
49,2045,32
50,2045,22
51,2045,32
52,2045,37
53,2045,36
54,2045,66
55,2045,92
56,2045,74
57,2045,78
58,2045,44
59,2045,42
60,2045,34
61,2045,70
62,2045,76
63,2045,72
64,2045,82
65,2045,82
66,2045,46
67,2045,42
68,2045,32
69,2045,32
70,2045,40
71,2045,44
72,2045,46
73,2045,54.307692
74,2045,62.307692
75,2045,90.423077
76,2045,49.423077
77,2045,56.423077
78,2045,76.423077
79,2045,98.423077
80,2045,104.730769
81,2045,245.807692
82,2045,116.423077
83,2045,63.423077
84,2045,217.423077
85,2045,245.423077
86,2045,223.423077
87,2045,157.423077
88,2045,131.423077
89,2045,61.423077
90,2045,45.423077
91,2045,43.423077
92,2045,62
93,2045,32
94,2045,42
95,2045,36
96,2045,42
97,2045,42
98,2045,6
99,2045,59.423077
100,2045,20
101,2045,43.423077
102,2045,16
103,2045,19.423077
104,2045,41.423077
105,2045,49
106,2045,2
107,2045,52
108,2045,108
109,2045,111.333333
110,2045,26
111,2045,38
112,2045,48
113,2045,82
114,2045,110
115,2045,60
116,2045,48
117,2045,22
118,2045,92
119,2045,62
120,2045,64
121,2045,48
122,2045,42
123,2045,44
124,2045,46
125,2045,34
126,2045,34
127,2045,33
128,2045,26
129,2045,58
130,2045,44
131,2045,32
132,2045,30
133,2045,44
134,2045,38
135,2045,44
136,2045,48
137,2045,32
138,2045,28
139,2045,18
140,2045,38
141,2045,50
142,2045,30
143,2045,40
144,2045,44
145,2045,52
146,2045,50
147,2045,44
148,2045,30
149,2045,32
150,2045,24
151,2045,32
152,2045,27
153,2045,25
154,2045,65
155,2045,48
156,2045,42
157,2045,49.333333
158,2045,36
159,2045,20
160,2045,18
161,2045,20
162,2045,5
163,2045,44
164,2045,25
165,2045,37
166,2045,11
167,2045,20
168,2045,37
169,2045,14
170,2045,263.730769
171,2045,94.307692
172,2045,25
173,2045,18
174,2045,36
175,2045,10
176,2045,28
177,2045,38
178,2045,0
179,2045,8
180,2045,4
181,2045,8
182,2045,8
183,2045,15
184,2045,46
185,2045,8
186,2045,59
187,2045,43
188,2045,29
189,2045,29
190,2045,53
191,2045,27
192,2045,49
193,2045,42
194,2045,45
195,2045,50
196,2045,30
197,2045,14
198,2045,21
199,2045,30
200,2045,21
201,2045,24
202,2045,9
203,2045,18
204,2045,67
205,2045,24
206,2045,71
207,2045,65
208,2045,71
209,2045,4
210,2045,6
211,2045,44
212,2045,38
213,2045,46
214,2045,27
215,2045,5
216,2045,19
217,2045,19
218,2045,11
219,2045,26
220,2045,26
221,2045,10
222,2045,10
223,2045,2
224,2045,6.666667
225,2045,6.666667
226,2045,6.666667
227,2045,6.666667
228,2045,6.666667
229,2045,8
230,2045,4
231,2045,3
232,2045,2
233,2045,9
234,2045,7
235,2045,5.333333
236,2045,4.333333
237,2045,6.333333
238,2045,5.333333
239,2045,4.333333
240,2045,4.666667
241,2045,4.666667
242,2045,4.666667
243,2045,4.666667
244,2045,0
245,2045,0
246,2045,4.333333
247,2045,6.333333
248,2045,1
249,2045,1
250,2045,22
251,2045,0
252,2045,50
253,2045,26
254,2045,52
255,2045,40
256,2045,70
257,2045,28
258,2045,36
259,2045,38
260,2045,50
261,2045,58
262,2045,58
263,2045,10.5
264,2045,14.5
265,2045,38
266,2045,52
267,2045,36
268,2045,14
269,2045,36
270,2045,34
271,2045,76
272,2045,100
273,2045,96
274,2045,63
275,2045,18
276,2045,28
277,2045,20
278,2045,12
279,2045,16
280,2045,16
281,2045,16
282,2045,16
283,2045,12
284,2045,8
285,2045,16
286,2045,44
287,2045,58
288,2045,50
289,2045,34
290,2045,48
291,2045,42
292,2045,20
293,2045,24
294,2045,26
295,2045,30
296,2045,20
297,2045,16
298,2045,28
299,2045,32
300,2045,26
301,2045,24
302,2045,28
303,2045,24
304,2045,14
305,2045,14
306,2045,16
307,2045,20
308,2045,8
309,2045,8.5
310,2045,18.5
311,2045,14
312,2045,18.5
313,2045,10
314,2045,48
315,2045,40.5
316,2045,34
317,2045,34
318,2045,46
319,2045,6
320,2045,6
321,2045,12
322,2045,10
323,2045,8
324,2045,20
325,2045,6
326,2045,16
327,2045,32
328,2045,20
329,2045,12
330,2045,44
331,2045,28
332,2045,8
333,2045,33
334,2045,8
335,2045,8
336,2045,9
337,2045,33
338,2045,32
339,2045,52
340,2045,40
341,2045,4
342,2045,4
343,2045,9
344,2045,9
345,2045,6
346,2045,6
347,2045,0
348,2045,9
349,2045,8
350,2045,9
351,2045,7
352,2045,3
353,2045,1
354,2045,1
355,2045,0
356,2045,1
357,2045,1
358,2045,0
359,2045,0
360,2045,1
361,2045,2
362,2045,2
363,2045,4
364,2045,6
365,2045,5
366,2045,0
367,2045,28
368,2045,27
369,2045,6
370,2045,6
371,2045,6
372,2045,6
373,2045,1
374,2045,0
375,2045,5
376,2045,5
377,2045,5
378,2045,4
379,2045,0
380,2045,2
381,2045,18
382,2045,4
383,2045,32
384,2045,0
385,2045,0
386,2045,31
387,2045,27
388,2045,11
389,2045,7
390,2045,7
391,2045,7
392,2045,6
393,2045,34
394,2045,12
395,2045,8
396,2045,12
397,2045,26
398,2045,30
399,2045,42
400,2045,5
401,2045,2
402,2045,4
403,2045,31
404,2045,29
405,2045,28
406,2045,6
407,2045,30
408,2045,4
409,2045,42
410,2045,32
411,2045,34
412,2045,33
413,2045,12
414,2045,16
415,2045,39
416,2045,10
417,2045,22
418,2045,14
419,2045,28.333333
420,2045,39
421,2045,26
422,2045,20
423,2045,16.333333
424,2045,24.333333
425,2045,25
426,2045,33
427,2045,20
428,2045,24
429,2045,20
430,2045,24
431,2045,20
432,2045,20
433,2045,24
434,2045,28.333333
435,2045,22
436,2045,22
437,2045,28.333333
438,2045,36
439,2045,8
440,2045,12
441,2045,20
442,2045,20
443,2045,5
444,2045,5
445,2045,30
446,2045,30
447,2045,32
448,2045,34
449,2045,28
450,2045,24
451,2045,53
452,2045,90
453,2045,94
454,2045,94
455,2045,20
456,2045,31
457,2045,27
458,2045,23
459,2045,23
1,2050,60.84571031
2,2050,48.47031161
3,2050,49.50159483
4,2050,38.15747935
5,2050,43.31389548
6,2050,43.31389548
7,2050,35.06362967
8,2050,45.37646193
9,2050,66.00212644
10,2050,63.93955999
11,2050,41.25132903
12,2050,39.18876257
13,2050,51.56416128
14,2050,47.43902838
15,2050,39.18876257
16,2050,35.06362967
17,2050,66.00212644
18,2050,163.1014085
19,2050,96.94062321
20,2050,69.09597612
21,2050,72.1898258
22,2050,47.43902838
23,2050,39.18876257
24,2050,68.06469289
25,2050,47.43902838
26,2050,57.75186064
27,2050,51.56416128
28,2050,86.62779095
29,2050,94.87805676
30,2050,64.97084322
31,2050,49.50159483
32,2050,88.69035741
33,2050,99.00318966
34,2050,179.7605989
35,2050,103.1283226
36,2050,188.0108647
37,2050,57.75186064
38,2050,90.75292386
39,2050,22.68823096
40,2050,70.12725934
41,2050,61.87699354
42,2050,24.75079742
43,2050,61.87699354
44,2050,22.68823096
45,2050,59.81442709
46,2050,39.18876257
47,2050,78.37752515
48,2050,99.00318966
49,2050,33.00106322
50,2050,22.68823096
51,2050,33.00106322
52,2050,38.15747935
53,2050,37.12619612
54,2050,68.06469289
55,2050,94.87805676
56,2050,76.3149587
57,2050,80.4400916
58,2050,45.37646193
59,2050,43.31389548
60,2050,35.06362967
61,2050,72.1898258
62,2050,78.37752515
63,2050,74.25239225
64,2050,84.5652245
65,2050,84.5652245
66,2050,47.43902838
67,2050,43.31389548
68,2050,33.00106322
69,2050,33.00106322
70,2050,41.25132903
71,2050,45.37646193
72,2050,47.43902838
73,2050,56.00661178
74,2050,64.25687759
75,2050,93.25180252
76,2050,50.96919027
77,2050,58.18817285
78,2050,78.81383736
79,2050,101.5020683
80,2050,108.0070853
81,2050,253.4973495
82,2050,120.0651664
83,2050,65.40715543
84,2050,224.2247722
85,2050,253.1007025
86,2050,230.4124715
87,2050,162.3477786
88,2050,135.5344148
89,2050,63.34458898
90,2050,46.84405737
91,2050,44.78149092
92,2050,63.93955999
93,2050,33.00106322
94,2050,43.31389548
95,2050,37.12619612
96,2050,43.31389548
97,2050,43.31389548
98,2050,6.187699354
99,2050,61.28202253
100,2050,20.62566451
101,2050,44.78149092
102,2050,16.50053161
103,2050,20.0306935
104,2050,42.71892447
105,2050,50.53287806
106,2050,2.062566451
107,2050,53.62672773
108,2050,111.3785884
109,2050,114.8161988
110,2050,26.81336387
111,2050,39.18876257
112,2050,49.50159483
113,2050,84.5652245
114,2050,113.4411548
115,2050,61.87699354
116,2050,49.50159483
117,2050,22.68823096
118,2050,94.87805676
119,2050,63.93955999
120,2050,66.00212644
121,2050,49.50159483
122,2050,43.31389548
123,2050,45.37646193
124,2050,47.43902838
125,2050,35.06362967
126,2050,35.06362967
127,2050,34.03234645
128,2050,26.81336387
129,2050,59.81442709
130,2050,45.37646193
131,2050,33.00106322
132,2050,30.93849677
133,2050,45.37646193
134,2050,39.18876257
135,2050,45.37646193
136,2050,49.50159483
137,2050,33.00106322
138,2050,28.87593032
139,2050,18.56309806
140,2050,39.18876257
141,2050,51.56416128
142,2050,30.93849677
143,2050,41.25132903
144,2050,45.37646193
145,2050,53.62672773
146,2050,51.56416128
147,2050,45.37646193
148,2050,30.93849677
149,2050,33.00106322
150,2050,24.75079742
151,2050,33.00106322
152,2050,27.84464709
153,2050,25.78208064
154,2050,67.03340967
155,2050,49.50159483
156,2050,43.31389548
157,2050,50.87663879
158,2050,37.12619612
159,2050,20.62566451
160,2050,18.56309806
161,2050,20.62566451
162,2050,5.156416128
163,2050,45.37646193
164,2050,25.78208064
165,2050,38.15747935
166,2050,11.34411548
167,2050,20.62566451
168,2050,38.15747935
169,2050,14.43796516
170,2050,271.9811182
171,2050,97.25794081
172,2050,25.78208064
173,2050,18.56309806
174,2050,37.12619612
175,2050,10.31283226
176,2050,28.87593032
177,2050,39.18876257
178,2050,0
179,2050,8.250265805
180,2050,4.125132903
181,2050,8.250265805
182,2050,8.250265805
183,2050,15.46924838
184,2050,47.43902838
185,2050,8.250265805
186,2050,60.84571031
187,2050,44.3451787
188,2050,29.90721354
189,2050,29.90721354
190,2050,54.65801096
191,2050,27.84464709
192,2050,50.53287806
193,2050,43.31389548
194,2050,46.40774515
195,2050,51.56416128
196,2050,30.93849677
197,2050,14.43796516
198,2050,21.65694774
199,2050,30.93849677
200,2050,21.65694774
201,2050,24.75079742
202,2050,9.281549031
203,2050,18.56309806
204,2050,69.09597612
205,2050,24.75079742
206,2050,73.22110902
207,2050,67.03340967
208,2050,73.22110902
209,2050,4.125132903
210,2050,6.187699354
211,2050,45.37646193
212,2050,39.18876257
213,2050,47.43902838
214,2050,27.84464709
215,2050,5.156416128
216,2050,19.59438129
217,2050,19.59438129
218,2050,11.34411548
219,2050,26.81336387
220,2050,26.81336387
221,2050,10.31283226
222,2050,10.31283226
223,2050,2.062566451
224,2050,6.875221848
225,2050,6.875221848
226,2050,6.875221848
227,2050,6.875221848
228,2050,6.875221848
229,2050,8.250265805
230,2050,4.125132903
231,2050,3.093849677
232,2050,2.062566451
233,2050,9.281549031
234,2050,7.21898258
235,2050,5.50017686
236,2050,4.468893634
237,2050,6.531460085
238,2050,5.50017686
239,2050,4.468893634
240,2050,4.812655397
241,2050,4.812655397
242,2050,4.812655397
243,2050,4.812655397
244,2050,0
245,2050,0
246,2050,4.468893634
247,2050,6.531460085
248,2050,1.031283226
249,2050,1.031283226
250,2050,22.68823096
251,2050,0
252,2050,51.56416128
253,2050,26.81336387
254,2050,53.62672773
255,2050,41.25132903
256,2050,72.1898258
257,2050,28.87593032
258,2050,37.12619612
259,2050,39.18876257
260,2050,51.56416128
261,2050,59.81442709
262,2050,59.81442709
263,2050,10.82847387
264,2050,14.95360677
265,2050,39.18876257
266,2050,53.62672773
267,2050,37.12619612
268,2050,14.43796516
269,2050,37.12619612
270,2050,35.06362967
271,2050,78.37752515
272,2050,103.1283226
273,2050,99.00318966
274,2050,64.97084322
275,2050,18.56309806
276,2050,28.87593032
277,2050,20.62566451
278,2050,12.37539871
279,2050,16.50053161
280,2050,16.50053161
281,2050,16.50053161
282,2050,16.50053161
283,2050,12.37539871
284,2050,8.250265805
285,2050,16.50053161
286,2050,45.37646193
287,2050,59.81442709
288,2050,51.56416128
289,2050,35.06362967
290,2050,49.50159483
291,2050,43.31389548
292,2050,20.62566451
293,2050,24.75079742
294,2050,26.81336387
295,2050,30.93849677
296,2050,20.62566451
297,2050,16.50053161
298,2050,28.87593032
299,2050,33.00106322
300,2050,26.81336387
301,2050,24.75079742
302,2050,28.87593032
303,2050,24.75079742
304,2050,14.43796516
305,2050,14.43796516
306,2050,16.50053161
307,2050,20.62566451
308,2050,8.250265805
309,2050,8.765907418
310,2050,19.07873967
311,2050,14.43796516
312,2050,19.07873967
313,2050,10.31283226
314,2050,49.50159483
315,2050,41.76697064
316,2050,35.06362967
317,2050,35.06362967
318,2050,47.43902838
319,2050,6.187699354
320,2050,6.187699354
321,2050,12.37539871
322,2050,10.31283226
323,2050,8.250265805
324,2050,20.62566451
325,2050,6.187699354
326,2050,16.50053161
327,2050,33.00106322
328,2050,20.62566451
329,2050,12.37539871
330,2050,45.37646193
331,2050,28.87593032
332,2050,8.250265805
333,2050,34.03234645
334,2050,8.250265805
335,2050,8.250265805
336,2050,9.281549031
337,2050,34.03234645
338,2050,33.00106322
339,2050,53.62672773
340,2050,41.25132903
341,2050,4.125132903
342,2050,4.125132903
343,2050,9.281549031
344,2050,9.281549031
345,2050,6.187699354
346,2050,6.187699354
347,2050,0
348,2050,9.281549031
349,2050,8.250265805
350,2050,9.281549031
351,2050,7.21898258
352,2050,3.093849677
353,2050,1.031283226
354,2050,1.031283226
355,2050,0
356,2050,1.031283226
357,2050,1.031283226
358,2050,0
359,2050,0
360,2050,1.031283226
361,2050,2.062566451
362,2050,2.062566451
363,2050,4.125132903
364,2050,6.187699354
365,2050,5.156416128
366,2050,0
367,2050,28.87593032
368,2050,27.84464709
369,2050,6.187699354
370,2050,6.187699354
371,2050,6.187699354
372,2050,6.187699354
373,2050,1.031283226
374,2050,0
375,2050,5.156416128
376,2050,5.156416128
377,2050,5.156416128
378,2050,4.125132903
379,2050,0
380,2050,2.062566451
381,2050,18.56309806
382,2050,4.125132903
383,2050,33.00106322
384,2050,0
385,2050,0
386,2050,31.96978
387,2050,27.84464709
388,2050,11.34411548
389,2050,7.21898258
390,2050,7.21898258
391,2050,7.21898258
392,2050,6.187699354
393,2050,35.06362967
394,2050,12.37539871
395,2050,8.250265805
396,2050,12.37539871
397,2050,26.81336387
398,2050,30.93849677
399,2050,43.31389548
400,2050,5.156416128
401,2050,2.062566451
402,2050,4.125132903
403,2050,31.96978
404,2050,29.90721354
405,2050,28.87593032
406,2050,6.187699354
407,2050,30.93849677
408,2050,4.125132903
409,2050,43.31389548
410,2050,33.00106322
411,2050,35.06362967
412,2050,34.03234645
413,2050,12.37539871
414,2050,16.50053161
415,2050,40.2200458
416,2050,10.31283226
417,2050,22.68823096
418,2050,14.43796516
419,2050,29.21969105
420,2050,40.2200458
421,2050,26.81336387
422,2050,20.62566451
423,2050,16.84429234
424,2050,25.09455815
425,2050,25.78208064
426,2050,34.03234645
427,2050,20.62566451
428,2050,24.75079742
429,2050,20.62566451
430,2050,24.75079742
431,2050,20.62566451
432,2050,20.62566451
433,2050,24.75079742
434,2050,29.21969105
435,2050,22.68823096
436,2050,22.68823096
437,2050,29.21969105
438,2050,37.12619612
439,2050,8.250265805
440,2050,12.37539871
441,2050,20.62566451
442,2050,20.62566451
443,2050,5.156416128
444,2050,5.156416128
445,2050,30.93849677
446,2050,30.93849677
447,2050,33.00106322
448,2050,35.06362967
449,2050,28.87593032
450,2050,24.75079742
451,2050,54.65801096
452,2050,92.81549031
453,2050,96.94062321
454,2050,96.94062321
455,2050,20.62566451
456,2050,31.96978
457,2050,27.84464709
458,2050,23.71951419
459,2050,23.71951419
