ModelYear,AutoIcevMpg,AutoHevMpg,AutoPhevMpg,LtTrkIcevMpg,LtTrkHevMpg,LtTrkPhevMpg,AutoPhevMpkwh,LtTrkPhevMpkwh,AutoBevMpkwh,LtTrkBevMpkwh,AutoPhevRange,LtTrkPhevRange,AutoBevRange,LtTrkBevRange
1975,14.290476190476193,41.57080799000001,41.57080799000001,12.207142857142864,28.60729372,28.60729372,3.500000000000001,2.0000000000000004,3.500000000000001,2.0000000000000004,25.000000000000018,25.000000000000018,50.000000000000036,37.500000000000014
1976,15.10714285714286,41.57080799000001,41.57080799000001,11.950000000000005,28.607293720000005,28.607293720000005,3.5000000000000013,2.0000000000000004,3.5000000000000013,2.0000000000000004,25.000000000000018,25.000000000000018,50.000000000000036,37.50000000000001
1977,16.150000000000006,41.57080799000001,41.57080799000001,12.128571428571432,28.607293720000012,28.607293720000012,3.5000000000000013,2.0000000000000004,3.5000000000000013,2.0000000000000004,25.000000000000014,25.000000000000014,50.00000000000003,37.50000000000001
1978,17.419047619047628,41.57080799000002,41.57080799000002,12.74285714285715,28.607293720000023,28.607293720000023,3.5000000000000018,2.0000000000000013,3.5000000000000018,2.0000000000000013,25.000000000000014,25.000000000000014,50.00000000000003,37.50000000000003
1979,18.880952380952394,41.57080799000002,41.57080799000002,13.75238095238096,28.607293720000023,28.607293720000023,3.5000000000000018,2.0000000000000013,3.5000000000000018,2.0000000000000013,25.000000000000014,25.000000000000014,50.00000000000003,37.50000000000003
1980,20.74761904761906,41.57080799000002,41.57080799000002,15.114285714285723,28.607293720000023,28.607293720000023,3.5000000000000018,2.0000000000000013,3.5000000000000018,2.0000000000000013,25.000000000000014,25.000000000000014,50.00000000000003,37.50000000000003
1981,22.29523809523811,41.57080799000002,41.57080799000002,16.82857142857144,28.607293720000023,28.607293720000023,3.5000000000000018,2.0000000000000013,3.5000000000000018,2.0000000000000013,25.000000000000014,25.000000000000014,50.00000000000003,37.50000000000003
1982,23.571428571428587,41.57080799000002,41.57080799000002,18.04285714285715,28.607293720000023,28.607293720000023,3.5000000000000018,2.0000000000000013,3.5000000000000018,2.0000000000000013,25.000000000000014,25.000000000000014,50.00000000000003,37.50000000000003
1983,23.952380952380967,41.57080799000002,41.57080799000002,18.033333333333346,28.607293720000023,28.607293720000023,3.5000000000000018,2.0000000000000013,3.5000000000000018,2.0000000000000013,25.000000000000014,25.000000000000014,50.00000000000003,37.50000000000003
1984,24.45714285714287,41.57080799000002,41.57080799000002,18.152380952380966,28.607293720000023,28.607293720000023,3.5000000000000018,2.0000000000000013,3.5000000000000018,2.0000000000000013,25.000000000000014,25.000000000000014,50.00000000000003,37.50000000000003
1985,24.952380952380967,41.57080799000002,41.57080799000002,18.44761904761906,28.607293720000023,28.607293720000023,3.5000000000000018,2.0000000000000013,3.5000000000000018,2.0000000000000013,25.000000000000014,25.000000000000014,50.00000000000003,37.50000000000003
1986,25.680952380952395,41.57080799000002,41.57080799000002,18.723809523809535,28.607293720000023,28.607293720000023,3.5000000000000018,2.0000000000000013,3.5000000000000018,2.0000000000000013,25.000000000000014,25.000000000000014,50.00000000000003,37.50000000000003
1987,26.157142857142873,41.57080799000002,41.57080799000002,18.933333333333344,28.607293720000023,28.607293720000023,3.5000000000000018,2.0000000000000013,3.5000000000000018,2.0000000000000013,25.000000000000014,25.000000000000014,50.00000000000003,37.50000000000003
1988,26.290476190476205,41.57080799000002,41.57080799000002,18.8904761904762,28.607293720000023,28.607293720000023,3.5000000000000018,2.0000000000000013,3.5000000000000018,2.0000000000000013,25.000000000000014,25.000000000000014,50.00000000000003,37.50000000000003
1989,26.20476190476192,41.57080799000002,41.57080799000002,18.804761904761914,28.607293720000023,28.607293720000023,3.5000000000000018,2.0000000000000013,3.5000000000000018,2.0000000000000013,25.000000000000014,25.000000000000014,50.00000000000003,37.50000000000003
1990,26.09523809523811,41.57080799000002,41.57080799000002,18.752380952380964,28.607293720000023,28.607293720000023,3.5000000000000018,2.0000000000000013,3.5000000000000018,2.0000000000000013,25.000000000000014,25.000000000000014,50.00000000000003,37.50000000000003
1991,26.009523809523827,41.57080799000002,41.57080799000002,18.900000000000013,28.607293720000023,28.607293720000023,3.5000000000000018,2.0000000000000013,3.5000000000000018,2.0000000000000013,25.000000000000014,25.000000000000014,50.00000000000003,37.50000000000003
1992,26.061904761904778,41.57080799000002,41.57080799000002,18.995238095238108,28.607293720000023,28.607293720000023,3.5000000000000018,2.0000000000000013,3.5000000000000018,2.0000000000000013,25.000000000000014,25.000000000000014,50.00000000000003,37.50000000000003
1993,26.204761904761924,41.57080799000002,41.57080799000002,18.80952380952382,28.607293720000023,28.607293720000023,3.5000000000000018,2.0000000000000013,3.5000000000000018,2.0000000000000013,25.000000000000014,25.000000000000014,50.00000000000003,37.50000000000003
1994,26.309523809523824,41.57080799000002,41.57080799000002,18.68095238095239,28.607293720000023,28.607293720000023,3.5000000000000018,2.0000000000000013,3.5000000000000018,2.0000000000000013,25.000000000000014,25.000000000000014,50.00000000000003,37.50000000000003
1995,26.43333333333335,41.57080799000002,41.57080799000002,18.623809523809534,28.607293720000023,28.607293720000023,3.5000000000000018,2.0000000000000013,3.5000000000000018,2.0000000000000013,25.000000000000014,25.000000000000014,50.00000000000003,37.50000000000003
1996,26.514285714285734,41.57080799000002,41.57080799000002,18.642857142857153,28.607293720000023,28.607293720000023,3.5000000000000018,2.0000000000000013,3.5000000000000018,2.0000000000000013,25.000000000000014,25.000000000000014,50.00000000000003,37.50000000000003
1997,26.788369039047637,41.176794749047644,41.176794749047644,18.783636094285725,28.607293720000023,28.607293720000023,3.5000000000000018,2.0000000000000013,3.5000000000000018,2.0000000000000013,25.000000000000014,25.000000000000014,50.00000000000003,37.50000000000003
1998,26.181346521428587,42.157602016190495,42.157602016190495,18.514355710952394,28.607293720000023,28.607293720000023,3.5000000000000018,2.0000000000000013,3.5000000000000018,2.0000000000000013,25.000000000000014,25.000000000000014,50.00000000000003,37.50000000000003
1999,25.32015770476192,42.84425878571431,42.84425878571431,17.927441393809534,28.607293720000023,28.607293720000023,3.5000000000000018,2.0000000000000013,3.5000000000000018,2.0000000000000013,25.000000000000014,25.000000000000014,50.00000000000003,37.50000000000003
2000,24.290021988571446,42.97074077238098,42.97074077238098,17.352417880476203,28.607293720000023,28.607293720000023,3.5000000000000018,2.0000000000000013,3.5000000000000018,2.0000000000000013,25.000000000000014,25.000000000000014,50.00000000000003,37.50000000000003
2001,23.482365320952397,42.404232916190495,42.404232916190495,16.846540825714296,28.607293720000023,28.607293720000023,3.5000000000000018,2.0000000000000013,3.5000000000000018,2.0000000000000013,25.000000000000014,25.000000000000014,50.00000000000003,37.50000000000003
2002,23.078499839523822,41.37028374809526,41.37028374809526,16.662795493333345,28.607293720000023,28.607293720000023,3.5000000000000018,2.0000000000000013,3.5000000000000018,2.0000000000000013,25.000000000000014,25.000000000000014,50.00000000000003,37.50000000000003
2003,23.350166472857158,40.0427802914286,40.0427802914286,16.7205435604762,28.49163479142859,28.49163479142859,3.5000000000000018,2.0000000000000013,3.5000000000000018,2.0000000000000013,25.000000000000014,25.000000000000014,50.00000000000003,37.50000000000003
2004,23.41310180476192,40.51029776476193,40.51029776476193,17.016249044285722,28.540638134761927,28.540638134761927,3.5000000000000018,2.0000000000000013,3.5000000000000018,2.0000000000000013,25.000000000000014,25.000000000000014,50.00000000000003,37.50000000000003
2005,23.739802769047632,41.20979937380955,41.20979937380955,17.36631115857144,28.415533703333356,28.415533703333356,3.5000000000000018,2.0000000000000013,3.5000000000000018,2.0000000000000013,25.000000000000014,25.000000000000014,50.00000000000003,37.50000000000003
2006,23.968006691904776,42.29885586714288,42.29885586714288,18.296636900952393,30.5587702909524,30.5587702909524,3.5000000000000018,2.0000000000000013,3.5000000000000018,2.0000000000000013,25.000000000000014,25.000000000000014,50.00000000000003,37.50000000000003
2007,24.07953849666668,42.8200736114286,42.8200736114286,18.640664853333345,32.52315221761907,32.52315221761907,3.5000000000000018,2.0000000000000013,3.5000000000000018,2.0000000000000013,25.000000000000014,25.000000000000014,50.00000000000003,37.50000000000003
2008,24.823097719523822,42.976994920000024,42.976994920000024,19.578399935714298,34.553185718095264,34.553185718095264,3.4976190476190494,1.9976190476190487,3.4976190476190494,1.9976190476190487,25.000000000000014,25.000000000000014,49.04761904761908,36.785714285714306
2009,25.623690334285726,43.37286694571431,43.37286694571431,21.214817892857155,37.75217193428574,37.75217193428574,3.498809523809526,1.9988095238095251,3.498809523809526,1.9988095238095251,25.000000000000014,25.000000000000014,49.52380952380956,37.14285714285717
2010,26.327221780952396,39.40756673476193,39.40756673476193,21.97973735809525,35.29219903190479,35.29219903190479,3.5071428571428593,2.0071428571428584,3.5071428571428593,2.0071428571428584,25.000000000000014,25.000000000000014,52.85714285714289,39.64285714285717
2011,27.10942119428573,36.830068086190494,36.830068086190494,21.864046405238106,30.095976018095257,30.095976018095257,3.523809523809526,2.023809523809525,3.523809523809526,2.023809523809525,25.000000000000014,25.000000000000014,59.52380952380956,44.642857142857174
2012,25.938080471904776,35.65142935857145,35.65142935857145,20.906530623333346,27.398078452857163,27.398078452857163,3.5476190476190492,2.0476190476190483,3.5476190476190492,2.0476190476190483,25.000000000000014,25.000000000000014,68.75000000000004,51.56250000000003
2013,25.79195514666668,35.31748992000003,35.31748992000003,19.615437270952395,24.286938222380968,24.286938222380968,3.5750000000000024,2.075000000000001,3.5750000000000024,2.075000000000001,25.000000000000014,25.000000000000014,76.99132319047624,53.52404388571432
2014,26.675565331904778,36.27608216952383,36.27608216952383,19.39866964952382,22.88294192238097,22.88294192238097,3.6000000000000023,2.1000000000000014,3.6000000000000023,2.1000000000000014,25.000000000000014,25.000000000000014,92.58307150000006,72.06645939047624
2015,28.185202618095254,40.34403570714288,40.34403570714288,20.581516180476203,26.986815927619062,26.986815927619062,3.625000000000002,2.1250000000000013,3.625000000000002,2.1250000000000013,25.000000000000014,25.000000000000014,113.12941810476198,99.72940870952387
2016,29.89725679000002,41.624285061904786,41.624285061904786,21.357094890952396,28.890336124761923,28.890336124761923,3.650000000000002,2.1500000000000012,3.650000000000002,2.1500000000000012,25.000000000000014,25.000000000000014,134.97744275238102,129.23342014285723
2017,31.859096294761926,45.19627503666669,45.19627503666669,22.325137816666683,31.50944994809526,31.50944994809526,3.675000000000002,2.175000000000001,3.675000000000002,2.175000000000001,25.000000000000014,25.000000000000014,155.30637794761913,154.0139356857144
2018,32.07567556047621,48.28214253285717,48.28214253285717,22.726984758095252,35.00740811285716,35.00740811285716,3.7000000000000024,2.200000000000002,3.7000000000000024,2.200000000000002,24.52380952380954,24.52380952380954,171.05394968571437,164.68520355238104
2019,33.24160380000002,50.064176192380984,50.064176192380984,23.67628992190478,36.795493908571444,36.795493908571444,3.7250000000000023,2.2250000000000014,3.7250000000000023,2.2250000000000014,25.238095238095255,25.238095238095255,179.38852391428583,165.0642183000001
2020,34.10732372952383,50.70439759095241,50.70439759095241,24.562362110952392,37.193089664285736,37.193089664285736,3.7500000000000027,2.2500000000000018,3.7500000000000027,2.2500000000000018,26.666666666666682,26.666666666666682,190.14954070952393,177.21148044761912
2021,35.00436811,51.90194514,51.90194514,25.48167141,38.52928168,38.52928168,3.775,2.275,3.775,2.275,30.0,30.0,199.6000275,199.6000275
2022,36.28524444,53.89196014,53.89196014,26.7681236,40.46229159,40.46229159,3.8,2.3,3.8,2.3,30.0,30.0,206.8905312,206.8905312
2023,37.49905642,55.18920269,55.18920269,27.75156916,41.82333848,41.82333848,3.825,2.325,3.825,2.325,30.0,30.0,213.6843751,213.6843751
2024,38.28238844,55.89254067,55.89254067,29.12620009,43.54682523,43.54682523,3.85,2.35,3.85,2.35,30.0,30.0,220.4562825,220.4562825
2025,40.00615387,61.40373817,61.40373817,30.30511344,47.5414525,47.5414525,3.875,2.375,3.875,2.375,30.0,30.0,227.290576,227.290576
2026,39.81258102,61.07308347,61.07308347,30.36979662,47.77968148,47.77968148,3.9,2.4,3.9,2.4,30.0,30.0,234.244281,234.244281
2027,39.56803062,60.62762922,60.62762922,30.31884651,47.6699818,47.6699818,3.925,2.425,3.925,2.425,30.0,30.0,241.3153471,241.3153471
2028,39.36755134,60.23413326,60.23413326,30.27357228,47.48972521,47.48972521,3.95,2.45,3.95,2.45,30.0,30.0,248.5604943,248.5604943
2029,39.22192633,59.88583876,59.88583876,30.22953636,47.30087473,47.30087473,3.975,2.475,3.975,2.475,30.0,30.0,256.0145587,256.0145587
2030,39.16286293,59.5689911,59.5689911,30.20344423,47.14690808,47.14690808,4.0,2.5,4.0,2.5,30.0,30.0,263.6850956,263.6850956
2031,39.21864227,59.25190918,59.25190918,30.21704579,47.02628163,47.02628163,4.025,2.525,4.025,2.525,35.0,35.0,271.5849559,271.5849559
2032,39.7389342,58.99163765,58.99163765,30.26657968,46.92539062,46.92539062,4.05,2.55,4.05,2.55,35.0,35.0,279.7266072,279.7266072
2033,39.7389342,58.86459363,58.86459363,30.40410404,46.87708912,46.87708912,4.075,2.575,4.075,2.575,35.0,35.0,288.1169884,288.1169884
2034,39.7389342,58.83938213,58.83938213,30.7882853,46.84474732,46.84474732,4.1,2.6,4.1,2.6,35.0,35.0,296.7616204,296.7616204
2035,39.7389342,58.84581791,58.84581791,30.14084441,46.82340338,46.82340338,4.125,2.625,4.125,2.625,35.0,35.0,305.6656249,305.6656249
2036,39.7389342,58.87011626,58.87011626,30.11354515,46.80520493,46.80520493,4.15,2.65,4.15,2.65,35.0,35.0,314.8367843,314.8367843
2037,39.7389342,58.87259385,58.87259385,30.07715554,46.76886364,46.76886364,4.175,2.675,4.175,2.675,35.0,35.0,324.2831142,324.2831142
2038,39.7389342,58.8530729,58.8530729,30.04476586,46.72218636,46.72218636,4.2,2.7,4.2,2.7,35.0,35.0,334.0128707,334.0128707
2039,39.7389342,58.76171735,58.76171735,30.0068021,46.66923611,46.66923611,4.225,2.725,4.225,2.725,35.0,35.0,344.0345579,344.0345579
2040,39.7389342,58.7192676,58.7192676,29.98098555,46.63256396,46.63256396,4.25,2.75,4.25,2.75,35.0,35.0,354.3569347,354.3569347
2041,39.7389342,58.61851192,58.61851192,29.98098555,46.58341606,46.58341606,4.275,2.775,4.275,2.775,40.0,40.0,364.989023,364.989023
2042,39.7389342,58.59959979,58.59959979,29.98098555,46.54170401,46.54170401,4.3,2.8,4.3,2.8,40.0,40.0,375.9401154,375.9401154
2043,39.7389342,58.56839868,58.56839868,29.98098555,46.50237217,46.50237217,4.325,2.825,4.325,2.825,40.0,40.0,387.2197833,387.2197833
2044,39.7389342,58.50889592,58.50889592,29.98098555,46.5090634,46.5090634,4.35,2.85,4.35,2.85,40.0,40.0,398.837885,398.837885
2045,39.7389342,58.46008536,58.46008536,29.98098555,46.5255623,46.5255623,4.375,2.875,4.375,2.875,40.0,40.0,410.8045751,410.8045751
2046,39.7389342,58.41745078,58.41745078,29.98098555,46.54156873,46.54156873,4.4,2.9,4.4,2.9,40.0,40.0,423.1303126,423.1303126
2047,39.7389342,58.37137036,58.37137036,29.98098555,46.56628904,46.56628904,4.425,2.925,4.425,2.925,40.0,40.0,435.8258701,435.8258701
2048,39.7389342,58.33198355,58.33198355,29.98098555,46.5957173,46.5957173,4.45,2.95,4.45,2.95,40.0,40.0,448.9023438,448.9023438
2049,39.7389342,58.27901537,58.27901537,29.98098555,46.62658827,46.62658827,4.475,2.975,4.475,2.975,40.0,40.0,462.3711627,462.3711627
2050,39.7389342,58.2304324,58.2304324,29.98098555,46.66021206,46.66021206,4.5,3.0,4.5,3.0,40.0,40.0,476.2440986,476.2440986
