Geo,Year,MixUseProp
1,2005,0.482156617
2,2005,0.91899087
3,2005,0.516305833
4,2005,0.221854164
5,2005,0.019864589
6,2005,0.112444205
7,2005,0.143282318
8,2005,0.296027841
9,2005,0.844666064
10,2005,0.773583674
11,2005,0.260471209
12,2005,0.161407922
13,2005,0.285458968
14,2005,0.341076431
15,2005,0.207388989
16,2005,0.505989688
17,2005,0.970115021
18,2005,1
19,2005,1
20,2005,0.434470256
21,2005,0.450460592
22,2005,0.266236589
23,2005,0.215866319
24,2005,0.298801996
25,2005,0.216097246
26,2005,0.211808084
27,2005,0.821828688
28,2005,0.508456755
29,2005,0.534540057
30,2005,0.891290271
31,2005,0.360786891
32,2005,0.521159478
33,2005,0.671145802
34,2005,1
35,2005,0.819568441
36,2005,0.914909919
37,2005,0.309084601
38,2005,0.86536362
39,2005,1.68805E-05
40,2005,0.411582078
41,2005,0.170203983
42,2005,0.121354709
43,2005,0.94655299
44,2005,0.144969569
45,2005,0.625120458
46,2005,0.122959601
47,2005,0.393009253
48,2005,0.477360434
49,2005,0.077324057
50,2005,0.048466602
51,2005,0.073944284
52,2005,0.36680021
53,2005,0.09309487
54,2005,0.556846743
55,2005,0.760519466
56,2005,0.910323863
57,2005,1
58,2005,0.212030182
59,2005,0.076827961
60,2005,0.02334608
61,2005,0.466681581
62,2005,0.291170926
63,2005,1
64,2005,0.970475289
65,2005,0.875556366
66,2005,0.265265078
67,2005,0.049904915
68,2005,0.432190097
69,2005,0.046200998
70,2005,0.263990651
71,2005,0.252937277
72,2005,0.722660989
73,2005,0.520210103
74,2005,0.969592432
75,2005,0.713843492
76,2005,0.45672579
77,2005,0.992330076
78,2005,0.999517204
79,2005,0.996405182
80,2005,1
81,2005,1
82,2005,1
83,2005,1
84,2005,1
85,2005,1
86,2005,0.515851584
87,2005,0.862535457
88,2005,0.244933084
89,2005,0.072166534
90,2005,0.23423739
91,2005,8.76282E-05
92,2005,0.007852736
93,2005,0.00076542
94,2005,0.201893612
95,2005,0.00421497
96,2005,0.003560967
97,2005,0.177115274
98,2005,0.001948893
99,2005,0.330732295
100,2005,0.176513331
101,2005,0.487762585
102,2005,0.383477203
103,2005,0.215360504
104,2005,0.216984882
105,2005,0.152565059
106,2005,0
107,2005,0.195730054
108,2005,0.400769633
109,2005,0.079160971
110,2005,0.204727406
111,2005,0.079334174
112,2005,0.088335103
113,2005,0.732328706
114,2005,0.756040272
115,2005,0.185476515
116,2005,0.147099222
117,2005,0.006246191
118,2005,0.620338951
119,2005,0.495221042
120,2005,0.426524924
121,2005,0.99825837
122,2005,0.625333835
123,2005,0.208541025
124,2005,0.140353225
125,2005,0.209447305
126,2005,0.009670854
127,2005,0.007138612
128,2005,0.085671771
129,2005,0.467572336
130,2005,0.188021617
131,2005,0.197031073
132,2005,0.06217974
133,2005,0.226170029
134,2005,0.200303368
135,2005,0.665898275
136,2005,0.486590036
137,2005,0.008304195
138,2005,0.24442648
139,2005,0.020853963
140,2005,0.317188483
141,2005,0.52925394
142,2005,0.179665292
143,2005,1
144,2005,0.251491702
145,2005,0.283321252
146,2005,0.296181402
147,2005,0.034797131
148,2005,0.035666409
149,2005,0.155298827
150,2005,0
151,2005,0
152,2005,0.002334559
153,2005,0.209572107
154,2005,0.865378665
155,2005,0.341201871
156,2005,0.344658291
157,2005,0
158,2005,0.101232714
159,2005,0.092656939
160,2005,0.146368368
161,2005,0
162,2005,0
163,2005,0.114692825
164,2005,0
165,2005,0.000240417
166,2005,0.005175153
167,2005,0.005712995
168,2005,0.052956144
169,2005,0
170,2005,1
171,2005,0
172,2005,0.056363693
173,2005,0.063198077
174,2005,0.005487482
175,2005,0.003345636
176,2005,0
177,2005,0.000262711
178,2005,0
179,2005,0
180,2005,0
181,2005,0.000527468
182,2005,8.24193E-05
183,2005,0
184,2005,0.13499697
185,2005,0.273320788
186,2005,0.606823558
187,2005,0.226447312
188,2005,0
189,2005,0.124701014
190,2005,1
191,2005,0
192,2005,0.236664848
193,2005,0.039734675
194,2005,0.126701928
195,2005,0.105480035
196,2005,0
197,2005,0
198,2005,0.001593041
199,2005,0.167510992
200,2005,0.045094423
201,2005,0
202,2005,0.12144117
203,2005,0.000652139
204,2005,0
205,2005,0.003991122
206,2005,0.470700267
207,2005,0.077027512
208,2005,0.132765645
209,2005,0.005966094
210,2005,0.266165885
211,2005,0
212,2005,0
213,2005,0.032554717
214,2005,0.004811263
215,2005,0.030215067
216,2005,1.74809E-05
217,2005,0.002627627
218,2005,0
219,2005,0
220,2005,0
221,2005,0
222,2005,0
223,2005,0
224,2005,0
225,2005,0
226,2005,0
227,2005,0
228,2005,0
229,2005,0
230,2005,0
231,2005,0
232,2005,0.074100126
233,2005,0.034766463
234,2005,0
235,2005,0
236,2005,0
237,2005,0
238,2005,0
239,2005,0
240,2005,0
241,2005,0
242,2005,0
243,2005,0
244,2005,0
245,2005,0
246,2005,0
247,2005,0
248,2005,0
249,2005,0
250,2005,0.034812421
251,2005,0
252,2005,0.190864879
253,2005,0.031241717
254,2005,0.089876743
255,2005,0.004088253
256,2005,0.001086226
257,2005,0.037399757
258,2005,0.092713959
259,2005,0.020642541
260,2005,0.000502104
261,2005,0.340294525
262,2005,0.039294402
263,2005,0
264,2005,0
265,2005,0
266,2005,0.53095191
267,2005,0
268,2005,0
269,2005,0.008521968
270,2005,0.000132089
271,2005,0.097934487
272,2005,0.063281705
273,2005,0.291445921
274,2005,1
275,2005,0
276,2005,0.095361493
277,2005,0
278,2005,0
279,2005,0.078369362
280,2005,0.005929439
281,2005,0
282,2005,0
283,2005,0
284,2005,0.033853835
285,2005,0.08348718
286,2005,0.41158044
287,2005,0.787964637
288,2005,0.274701223
289,2005,0.215035838
290,2005,0.851560662
291,2005,0.737515041
292,2005,0
293,2005,0
294,2005,1
295,2005,1
296,2005,0.013015296
297,2005,0
298,2005,0.140396336
299,2005,0.013075881
300,2005,0.000475851
301,2005,0
302,2005,0
303,2005,0
304,2005,0.453080299
305,2005,0
306,2005,0
307,2005,0
308,2005,0
309,2005,0.002909802
310,2005,0
311,2005,8.97938E-06
312,2005,0
313,2005,0
314,2005,0.008479105
315,2005,0.000823315
316,2005,0.862041927
317,2005,0
318,2005,0.008061461
319,2005,0.366864848
320,2005,0.004491851
321,2005,0
322,2005,0
323,2005,0
324,2005,0
325,2005,0
326,2005,0
327,2005,0.31279547
328,2005,0
329,2005,0
330,2005,0.512058784
331,2005,0.767286186
332,2005,0.091860174
333,2005,0.994056923
334,2005,0
335,2005,0
336,2005,0.014423344
337,2005,0.658524839
338,2005,0.269160873
339,2005,0.691995228
340,2005,0.555113142
341,2005,0
342,2005,0
343,2005,0
344,2005,0
345,2005,0
346,2005,0
347,2005,0
348,2005,0
349,2005,0
350,2005,0
351,2005,0.00935571
352,2005,0
353,2005,0
354,2005,0
355,2005,0
356,2005,0
357,2005,0
358,2005,0
359,2005,0
360,2005,0
361,2005,0
362,2005,0
363,2005,0
364,2005,0
365,2005,0
366,2005,0
367,2005,0
368,2005,0
369,2005,0
370,2005,0
371,2005,0
372,2005,0
373,2005,0
374,2005,0
375,2005,0
376,2005,0
377,2005,0
378,2005,0
379,2005,0
380,2005,0
381,2005,0
382,2005,0
383,2005,0
384,2005,0
385,2005,0
386,2005,0
387,2005,0
388,2005,0
389,2005,0
390,2005,0
391,2005,0
392,2005,0
393,2005,0
394,2005,0
395,2005,0
396,2005,0
397,2005,0
398,2005,0
399,2005,0
400,2005,0
401,2005,0
402,2005,0
403,2005,0
404,2005,0
405,2005,0
406,2005,0
407,2005,0
408,2005,0
409,2005,0
410,2005,0
411,2005,0
412,2005,0
413,2005,0
414,2005,0
415,2005,0
416,2005,0
417,2005,0
418,2005,0
419,2005,0
420,2005,0
421,2005,0
422,2005,0
423,2005,0
424,2005,0
425,2005,0
426,2005,0
427,2005,0
428,2005,0
429,2005,0
430,2005,0
431,2005,0
432,2005,0
433,2005,0
434,2005,0
435,2005,0
436,2005,0
437,2005,0
438,2005,0
439,2005,0
440,2005,0
441,2005,0
442,2005,0
443,2005,0
444,2005,0
445,2005,0
446,2005,0
447,2005,0
448,2005,0
449,2005,0
450,2005,0
451,2005,0
452,2005,0
453,2005,0
454,2005,0
455,2005,0
456,2005,0
457,2005,0
458,2005,0
459,2005,0
1,2010,0.502216786
2,2010,0.922529055
3,2010,0.541521184
4,2010,0.22679637
5,2010,0.035629882
6,2010,0.119934938
7,2010,0.171513926
8,2010,0.343987268
9,2010,0.846476973
10,2010,0.787573089
11,2010,0.303820266
12,2010,0.201946857
13,2010,0.325530986
14,2010,0.379965814
15,2010,0.239884091
16,2010,0.543152108
17,2010,0.972393502
18,2010,1
19,2010,1
20,2010,0.461311231
21,2010,0.482475495
22,2010,0.303054731
23,2010,0.250618966
24,2010,0.336927507
25,2010,0.233987392
26,2010,0.242285039
27,2010,0.838234075
28,2010,0.532928116
29,2010,0.562978211
30,2010,0.898604047
31,2010,0.389149115
32,2010,0.53386426
33,2010,0.697863785
34,2010,1
35,2010,0.840090841
36,2010,0.930684828
37,2010,0.348915535
38,2010,0.884731976
39,2010,9.68008E-05
40,2010,0.447110377
41,2010,0.210235938
42,2010,0.131521196
43,2010,0.952130054
44,2010,0.170376474
45,2010,0.632086206
46,2010,0.144373434
47,2010,0.406007159
48,2010,0.497607901
49,2010,0.089845695
50,2010,0.066133606
51,2010,0.099971876
52,2010,0.406985684
53,2010,0.117589287
54,2010,0.596867398
55,2010,0.777778163
56,2010,0.920462216
57,2010,1
58,2010,0.246506138
59,2010,0.087603366
60,2010,0.035420475
61,2010,0.495599949
62,2010,0.310845921
63,2010,1
64,2010,0.974629733
65,2010,0.892632214
66,2010,0.281758608
67,2010,0.070639427
68,2010,0.446294769
69,2010,0.055415835
70,2010,0.28237867
71,2010,0.278271536
72,2010,0.741547628
73,2010,0.527297977
74,2010,0.972796695
75,2010,0.722472095
76,2010,0.467745624
77,2010,0.992840438
78,2010,0.999545382
79,2010,0.99664304
80,2010,1
81,2010,1
82,2010,1
83,2010,1
84,2010,1
85,2010,1
86,2010,0.534273078
87,2010,0.875799709
88,2010,0.313443008
89,2010,0.136281537
90,2010,0.253505318
91,2010,0.001392656
92,2010,0.012816065
93,2010,0.004054898
94,2010,0.293715878
95,2010,0.014079423
96,2010,0.013351341
97,2010,0.269236849
98,2010,0.004846783
99,2010,0.411194886
100,2010,0.209156345
101,2010,0.506995481
102,2010,0.398535728
103,2010,0.223414259
104,2010,0.229449524
105,2010,0.158848496
106,2010,0
107,2010,0.20751051
108,2010,0.414714219
109,2010,0.080356951
110,2010,0.215622308
111,2010,0.093310058
112,2010,0.091748117
113,2010,0.743727639
114,2010,0.763485972
115,2010,0.196135482
116,2010,0.162899083
117,2010,0.007512695
118,2010,0.642231662
119,2010,0.515991928
120,2010,0.442169545
121,2010,0.998506654
122,2010,0.642255953
123,2010,0.225303806
124,2010,0.154301522
125,2010,0.225879554
126,2010,0.012157686
127,2010,0.010692281
128,2010,0.076041637
129,2010,0.469743129
130,2010,0.193862097
131,2010,0.204479258
132,2010,0.066541394
133,2010,0.23488366
134,2010,0.214191232
135,2010,0.673655455
136,2010,0.505048416
137,2010,0.008886202
138,2010,0.245649182
139,2010,0.022355429
140,2010,0.315108924
141,2010,0.550015262
142,2010,0.200000803
143,2010,1
144,2010,0.259782686
145,2010,0.291452445
146,2010,0.307764697
147,2010,0.043104037
148,2010,0.045704598
149,2010,0.151795908
150,2010,0
151,2010,0
152,2010,0.003195522
153,2010,0.179640034
154,2010,0.867999863
155,2010,0.333713256
156,2010,0.352009254
157,2010,0
158,2010,0.106284317
159,2010,0.126375683
160,2010,0.150309621
161,2010,0
162,2010,0
163,2010,0.123206897
164,2010,0
165,2010,0.000465678
166,2010,0.006441211
167,2010,0.006071264
168,2010,0.071776309
169,2010,0
170,2010,1
171,2010,0
172,2010,0.063853245
173,2010,0.063798685
174,2010,0.009752386
175,2010,0.003149042
176,2010,0
177,2010,0.000956569
178,2010,0
179,2010,0
180,2010,0
181,2010,0.000751259
182,2010,0.000193012
183,2010,0
184,2010,0.13021841
185,2010,0.277302886
186,2010,0.619440122
187,2010,0.259303094
188,2010,0
189,2010,0.147845669
190,2010,0.991548028
191,2010,0
192,2010,0.221208719
193,2010,0.040826828
194,2010,0.130509745
195,2010,0.102661356
196,2010,0
197,2010,0
198,2010,0.001350567
199,2010,0.164049226
200,2010,0.044569658
201,2010,0
202,2010,0.132489513
203,2010,0.000638936
204,2010,0
205,2010,0.003895413
206,2010,0.471595282
207,2010,0.095795755
208,2010,0.149173446
209,2010,0.010750034
210,2010,0.251325734
211,2010,0
212,2010,0
213,2010,0.055614374
214,2010,0.010812886
215,2010,0.023106281
216,2010,0.000181333
217,2010,0.002693488
218,2010,0
219,2010,0
220,2010,0
221,2010,0
222,2010,0
223,2010,0
224,2010,0
225,2010,0
226,2010,0
227,2010,0
228,2010,0
229,2010,0
230,2010,0
231,2010,0
232,2010,0.086005214
233,2010,0.062963086
234,2010,0
235,2010,0
236,2010,0
237,2010,0
238,2010,0
239,2010,0
240,2010,0
241,2010,0
242,2010,0
243,2010,0
244,2010,0
245,2010,0
246,2010,0
247,2010,0
248,2010,0
249,2010,0
250,2010,0.029461468
251,2010,0
252,2010,0.245706157
253,2010,0.031874451
254,2010,0.115602952
255,2010,0.004884991
256,2010,0.001476869
257,2010,0.038422884
258,2010,0.098158138
259,2010,0.022356607
260,2010,0.001991007
261,2010,0.354533847
262,2010,0.054874838
263,2010,0
264,2010,0
265,2010,0
266,2010,0.593408525
267,2010,0
268,2010,0
269,2010,0.008407718
270,2010,0.00036471
271,2010,0.107441314
272,2010,0.065686172
273,2010,0.322172716
274,2010,1
275,2010,0
276,2010,0.108597658
277,2010,0
278,2010,0
279,2010,0.081179788
280,2010,0.005545809
281,2010,0
282,2010,0
283,2010,0
284,2010,0.032487338
285,2010,0.084858823
286,2010,0.416274453
287,2010,0.803661963
288,2010,0.278666492
289,2010,0.228747274
290,2010,0.85712515
291,2010,0.747748029
292,2010,0
293,2010,0
294,2010,1
295,2010,1
296,2010,0.016297735
297,2010,0
298,2010,0.140931149
299,2010,0.014108191
300,2010,0.000518054
301,2010,0
302,2010,0
303,2010,0
304,2010,0.453145645
305,2010,0
306,2010,0
307,2010,0
308,2010,0
309,2010,0.003283415
310,2010,0
311,2010,6.95047E-05
312,2010,0
313,2010,0
314,2010,0.015335188
315,2010,0.002704655
316,2010,0.863334495
317,2010,0
318,2010,0.013335208
319,2010,0.263578381
320,2010,0.004737698
321,2010,0
322,2010,0
323,2010,0
324,2010,0
325,2010,0
326,2010,0
327,2010,0.307520761
328,2010,0
329,2010,0
330,2010,0.510288833
331,2010,0.767948807
332,2010,0.09176754
333,2010,0.994424394
334,2010,0
335,2010,0
336,2010,0.014246083
337,2010,0.663415261
338,2010,0.278870795
339,2010,0.692531906
340,2010,0.553127018
341,2010,0
342,2010,0
343,2010,0
344,2010,0
345,2010,0
346,2010,0
347,2010,0
348,2010,0
349,2010,0
350,2010,0
351,2010,0.009093686
352,2010,0
353,2010,0
354,2010,0
355,2010,0
356,2010,0
357,2010,0
358,2010,0
359,2010,0
360,2010,0
361,2010,0
362,2010,0
363,2010,0
364,2010,0
365,2010,0
366,2010,0
367,2010,0
368,2010,0
369,2010,0
370,2010,0
371,2010,0
372,2010,0
373,2010,0
374,2010,0
375,2010,0
376,2010,0
377,2010,0
378,2010,0
379,2010,0
380,2010,0
381,2010,0
382,2010,0
383,2010,0
384,2010,0
385,2010,0
386,2010,0
387,2010,0
388,2010,0
389,2010,0
390,2010,0
391,2010,0
392,2010,0
393,2010,0
394,2010,0
395,2010,0
396,2010,0
397,2010,0
398,2010,0
399,2010,0
400,2010,0
401,2010,0
402,2010,0
403,2010,0
404,2010,0
405,2010,0
406,2010,0
407,2010,0
408,2010,0
409,2010,0
410,2010,0
411,2010,0
412,2010,0
413,2010,0
414,2010,0
415,2010,0
416,2010,0
417,2010,0
418,2010,0
419,2010,0
420,2010,0
421,2010,0
422,2010,0
423,2010,0
424,2010,0
425,2010,0
426,2010,0
427,2010,0
428,2010,0
429,2010,0
430,2010,0
431,2010,0
432,2010,0
433,2010,0
434,2010,0
435,2010,0
436,2010,0
437,2010,0
438,2010,0
439,2010,0
440,2010,0
441,2010,0
442,2010,0
443,2010,0
444,2010,0
445,2010,0
446,2010,0
447,2010,0
448,2010,0
449,2010,0
450,2010,0
451,2010,0
452,2010,0
453,2010,0
454,2010,0
455,2010,0
456,2010,0
457,2010,0
458,2010,0
459,2010,0
1,2020,0.52311156
2,2020,0.926080861
3,2020,0.567968003
4,2020,0.231848672
5,2020,0.063907109
6,2020,0.127924685
7,2020,0.205308145
8,2020,0.399716594
9,2020,0.848291763
10,2020,0.801815488
11,2020,0.354383712
12,2020,0.252667481
13,2020,0.371228213
14,2020,0.423289348
15,2020,0.277470743
16,2020,0.583043922
17,2020,0.974677334
18,2020,1
19,2020,1
20,2020,0.489810404
21,2020,0.516765745
22,2020,0.344964493
23,2020,0.290966494
24,2020,0.379917627
25,2020,0.253358618
26,2020,0.277147306
27,2020,0.854966947
28,2020,0.558577251
29,2020,0.592929309
30,2020,0.905977839
31,2020,0.419740954
32,2020,0.546878757
33,2020,0.725645398
34,2020,1
35,2020,0.861127132
36,2020,0.946731729
37,2020,0.393879377
38,2020,0.90453383
39,2020,0.000555101
40,2020,0.485705525
41,2020,0.259683404
42,2020,0.142539379
43,2020,0.957739978
44,2020,0.200236111
45,2020,0.639129575
46,2020,0.169516559
47,2020,0.419434943
48,2020,0.518714173
49,2020,0.104395052
50,2020,0.090240569
51,2020,0.135160899
52,2020,0.451573751
53,2020,0.14852849
54,2020,0.639764343
55,2020,0.795428516
56,2020,0.930713481
57,2020,1
58,2020,0.28658786
59,2020,0.099890061
60,2020,0.053739645
61,2020,0.52631027
62,2020,0.331850394
63,2020,1
64,2020,0.97880196
65,2020,0.910041089
66,2020,0.299277665
67,2020,0.099988722
68,2020,0.46085975
69,2020,0.066468582
70,2020,0.30204749
71,2020,0.306143279
72,2020,0.760927867
73,2020,0.534482424
74,2020,0.976011547
75,2020,0.731204997
76,2020,0.479031343
77,2020,0.993351063
78,2020,0.999573561
79,2020,0.996880955
80,2020,1
81,2020,1
82,2020,1
83,2020,1
84,2020,1
85,2020,1
86,2020,0.553352418
87,2020,0.889267941
88,2020,0.401115755
89,2020,0.257358311
90,2020,0.27435819
91,2020,0.022133168
92,2020,0.020916471
93,2020,0.021481262
94,2020,0.427299389
95,2020,0.047030029
96,2020,0.050058962
97,2020,0.409272894
98,2020,0.012053664
99,2020,0.511232911
100,2020,0.247836106
101,2020,0.526986747
102,2020,0.414185576
103,2020,0.231769198
104,2020,0.242630195
105,2020,0.165390718
106,2020,0
107,2020,0.22
108,2020,0.429144
109,2020,0.081571
110,2020,0.227097
111,2020,0.109748
112,2020,0.095293
113,2020,0.755304
114,2020,0.771005
115,2020,0.207407
116,2020,0.180396
117,2020,0.009036
118,2020,0.664897
119,2020,0.537634
120,2020,0.458388
121,2020,0.998755
122,2020,0.659636
123,2020,0.243414
124,2020,0.169636
125,2020,0.243601
126,2020,0.015284
127,2020,0.016015
128,2020,0.067494
129,2020,0.471924
130,2020,0.199884
131,2020,0.212209
132,2020,0.071209
133,2020,0.243933
134,2020,0.229042
135,2020,0.681503
136,2020,0.524207
137,2020,0.009509
138,2020,0.246878
139,2020,0.023965
140,2020,0.313043
141,2020,0.571591
142,2020,0.222638
143,2020,1
144,2020,0.268347
145,2020,0.299817
146,2020,0.319801
147,2020,0.053394
148,2020,0.058568
149,2020,0.148372
150,2020,0
151,2020,0
152,2020,0.004374
153,2020,0.153983
154,2020,0.870629
155,2020,0.326389
156,2020,0.359517
157,2020,0
158,2020,0.111588
159,2020,0.172365
160,2020,0.154357
161,2020,0
162,2020,0
163,2020,0.132353
164,2020,0
165,2020,0.000902
166,2020,0.008017
167,2020,0.006452
168,2020,0.097285
169,2020,0
170,2020,1
171,2020,0
172,2020,0.072338
173,2020,0.064405
174,2020,0.017332
175,2020,0.002964
176,2020,0
177,2020,0.003483
178,2020,0
179,2020,0
180,2020,0
181,2020,0.00107
182,2020,0.000452
183,2020,0
184,2020,0.125609
185,2020,0.281343
186,2020,0.632319
187,2020,0.296926
188,2020,0
189,2020,0.175286
190,2020,0.83032
191,2020,0
192,2020,0.206762
193,2020,0.041949
194,2020,0.134432
195,2020,0.099918
196,2020,0
197,2020,0
198,2020,0.001145
199,2020,0.160659
200,2020,0.044051
201,2020,0
202,2020,0.144543
203,2020,0.000626
204,2020,0
205,2020,0.003802
206,2020,0.472492
207,2020,0.119137
208,2020,0.167609
209,2020,0.01937
210,2020,0.237313
211,2020,0.019129
212,2020,0.008436
213,2020,0.095008
214,2020,0.024301
215,2020,0.01767
216,2020,0.001881
217,2020,0.002761
218,2020,0
219,2020,0
220,2020,0.807612
221,2020,0
222,2020,0
223,2020,0
224,2020,0
225,2020,0
226,2020,0
227,2020,0
228,2020,0
229,2020,0.001121
230,2020,0
231,2020,0
232,2020,0.099823
233,2020,0.114028
234,2020,0
235,2020,0
236,2020,0
237,2020,0
238,2020,0
239,2020,0
240,2020,0
241,2020,0
242,2020,0
243,2020,0
244,2020,0
245,2020,0
246,2020,0
247,2020,0
248,2020,0
249,2020,0
250,2020,0.024933
251,2020,0
252,2020,0.316305
253,2020,0.03252
254,2020,0.148693
255,2020,0.005837
256,2020,0.002008
257,2020,0.039474
258,2020,0.103922
259,2020,0.024213
260,2020,0.007895
261,2020,0.369369
262,2020,0.076633
263,2020,0
264,2020,0
265,2020,0
266,2020,0.663212
267,2020,0
268,2020,0
269,2020,0.008295
270,2020,0.001007
271,2020,0.117871
272,2020,0.068182
273,2020,0.356139
274,2020,1
275,2020,0
276,2020,0.123671
277,2020,0
278,2020,0
279,2020,0.084091
280,2020,0.005187
281,2020,0.002071
282,2020,0
283,2020,0
284,2020,0.031176
285,2020,0.086253
286,2020,0.421022
287,2020,0.819672
288,2020,0.282689
289,2020,0.243333
290,2020,0.862726
291,2020,0.758123
292,2020,0
293,2020,0
294,2020,1
295,2020,1
296,2020,0.020408
297,2020,0
298,2020,0.141468
299,2020,0.015222
300,2020,0.000564
301,2020,0
302,2020,0
303,2020,0
304,2020,0.453211
305,2020,0
306,2020,0
307,2020,0
308,2020,0
309,2020,0.003705
310,2020,0
311,2020,0.000538
312,2020,0
313,2020,0
314,2020,0.027735
315,2020,0.008885
316,2020,0.864629
317,2020,0
318,2020,0.022059
319,2020,0.189371
320,2020,0.004997
321,2020,0
322,2020,0
323,2020,0
324,2020,0
325,2020,0.001353
326,2020,0.05
327,2020,0.302335
328,2020,0
329,2020,0
330,2020,0.508525
331,2020,0.768612
332,2020,0.091675
333,2020,0.994792
334,2020,0.044652
335,2020,0
336,2020,0.014071
337,2020,0.668342
338,2020,0.288931
339,2020,0.693069
340,2020,0.551148
341,2020,0
342,2020,0
343,2020,0
344,2020,0
345,2020,0.136452
346,2020,0.007088
347,2020,0
348,2020,0.048521
349,2020,0.032532
350,2020,0.021372
351,2020,0.008839
352,2020,0.001796
353,2020,0
354,2020,0
355,2020,0
356,2020,0
357,2020,0
358,2020,0
359,2020,0
360,2020,0
361,2020,0
362,2020,0
363,2020,0
364,2020,0
365,2020,0
366,2020,0
367,2020,0
368,2020,0
369,2020,0
370,2020,0
371,2020,0
372,2020,0
373,2020,0
374,2020,0
375,2020,0
376,2020,0
377,2020,0
378,2020,0
379,2020,0
380,2020,0
381,2020,0
382,2020,0
383,2020,0
384,2020,0
385,2020,0
386,2020,0
387,2020,0
388,2020,0
389,2020,0
390,2020,0
391,2020,0
392,2020,0
393,2020,0
394,2020,0
395,2020,0
396,2020,0
397,2020,0
398,2020,0
399,2020,0
400,2020,0
401,2020,0
402,2020,0
403,2020,0
404,2020,0
405,2020,0
406,2020,0
407,2020,0
408,2020,0
409,2020,0
410,2020,0
411,2020,0
412,2020,0
413,2020,0
414,2020,0
415,2020,0
416,2020,0
417,2020,0
418,2020,0
419,2020,0
420,2020,0
421,2020,0
422,2020,0
423,2020,0
424,2020,0
425,2020,0
426,2020,0
427,2020,0
428,2020,0
429,2020,0
430,2020,0
431,2020,0
432,2020,0
433,2020,0
434,2020,0
435,2020,0
436,2020,0
437,2020,0
438,2020,0
439,2020,0
440,2020,0
441,2020,0
442,2020,0
443,2020,0
444,2020,0
445,2020,0
446,2020,0
447,2020,0
448,2020,0
449,2020,0
450,2020,0
451,2020,0
452,2020,0
453,2020,0
454,2020,0
455,2020,0
456,2020,0
457,2020,0
458,2020,0
459,2020,0
1,2025,0.527235545
2,2025,0.927068386
3,2025,0.579533784
4,2025,0.232787528
5,2025,0.07500625
6,2025,0.130346304
7,2025,0.229585966
8,2025,0.434561432
9,2025,0.843303491
10,2025,0.80863626
11,2025,0.384264028
12,2025,0.298147093
13,2025,0.398471296
14,2025,0.445677298
15,2025,0.303867428
16,2025,0.604854317
17,2025,0.975507028
18,2025,1
19,2025,1
20,2025,0.495839054
21,2025,0.535198451
22,2025,0.378966372
23,2025,0.323387502
24,2025,0.41230939
25,2025,0.265248082
26,2025,0.295471436
27,2025,0.86364338
28,2025,0.56739611
29,2025,0.600510351
30,2025,0.908623345
31,2025,0.434237033
32,2025,0.557110587
33,2025,0.738530842
34,2025,1
35,2025,0.87220372
36,2025,0.956514541
37,2025,0.420004101
38,2025,0.914169166
39,2025,0.002951234
40,2025,0.490882383
41,2025,0.30653495
42,2025,0.146989536
43,2025,0.959939435
44,2025,0.206643221
45,2025,0.640458449
46,2025,0.173366287
47,2025,0.424090743
48,2025,0.525620183
49,2025,0.112854819
50,2025,0.114439412
51,2025,0.168752668
52,2025,0.479928535
53,2025,0.167647217
54,2025,0.662722424
55,2025,0.804661819
56,2025,0.938779028
57,2025,1
58,2025,0.308645577
59,2025,0.105011931
60,2025,0.073040632
61,2025,0.536541371
62,2025,0.341603046
63,2025,1
64,2025,0.981755993
65,2025,0.92271598
66,2025,0.30667179
67,2025,0.12030604
68,2025,0.467073366
69,2025,0.07306371
70,2025,0.311471367
71,2025,0.320381502
72,2025,0.770359011
73,2025,0.503938531
74,2025,0.977820053
75,2025,0.728614648
76,2025,0.483863309
77,2025,0.993563724
78,2025,0.999585117
79,2025,0.996998309
80,2025,1
81,2025,1
82,2025,1
83,2025,1
84,2025,1
85,2025,1
86,2025,0.565426233
87,2025,0.888842827
88,2025,0.401653502
89,2025,0.284418518
90,2025,0.286426757
91,2025,0.023745183
92,2025,0.020305675
93,2025,0.020736226
94,2025,0.45431958
95,2025,0.048527309
96,2025,0.049914515
97,2025,0.441291777
98,2025,0.023904968
99,2025,0.545812445
100,2025,0.270829835
101,2025,0.535631948
102,2025,0.421385061
103,2025,0.231754329
104,2025,0.251310966
105,2025,0.16277559
106,2025,0
107,2025,0.3360275
108,2025,0.5118695
109,2025,0.1024475
110,2025,0.290019
111,2025,0.1588785
112,2025,0.1380935
113,2025,0.77073
114,2025,0.8033265
115,2025,0.2764895
116,2025,0.22089
117,2025,0.0242295
118,2025,0.7129025
119,2025,0.5569425
120,2025,0.523495
121,2025,0.999053
122,2025,0.6882805
123,2025,0.294057
124,2025,0.209495
125,2025,0.2934325
126,2025,0.0259285
127,2025,0.0257275
128,2025,0.088318
129,2025,0.4811335
130,2025,0.256624
131,2025,0.263713
132,2025,0.088583
133,2025,0.3059925
134,2025,0.2734355
135,2025,0.713315
136,2025,0.565722
137,2025,0.013611
138,2025,0.3032635
139,2025,0.04167
140,2025,0.32691
141,2025,0.6141215
142,2025,0.249659
143,2025,1
144,2025,0.3091575
145,2025,0.3140625
146,2025,0.388522
147,2025,0.076037
148,2025,0.0878425
149,2025,0.1600885
150,2025,0
151,2025,0
152,2025,0.006081
153,2025,0.173184
154,2025,0.8865255
155,2025,0.327384
156,2025,0.3599445
157,2025,0.000827
158,2025,0.142014
159,2025,0.1794435
160,2025,0.1834235
161,2025,0
162,2025,0
163,2025,0.1582195
164,2025,0.0012675
165,2025,0.026092
166,2025,0.0108985
167,2025,0.0183775
168,2025,0.117002
169,2025,0
170,2025,1
171,2025,0
172,2025,0.096703
173,2025,0.085554
174,2025,0.0424545
175,2025,0.010599
176,2025,0.0029015
177,2025,0.0068635
178,2025,0
179,2025,0.002688
180,2025,0.001685
181,2025,0.006102
182,2025,0.002963
183,2025,0.010591
184,2025,0.130979
185,2025,0.300127
186,2025,0.663002
187,2025,0.3168305
188,2025,0
189,2025,0.177438
190,2025,0.8226855
191,2025,0.000225
192,2025,0.2095655
193,2025,0.0498095
194,2025,0.149934
195,2025,0.1217485
196,2025,0
197,2025,0
198,2025,0.001094
199,2025,0.1547875
200,2025,0.0434135
201,2025,0
202,2025,0.1456785
203,2025,0.001227
204,2025,0.0792505
205,2025,0.0203625
206,2025,0.5288385
207,2025,0.1328785
208,2025,0.176484
209,2025,0.0214285
210,2025,0.23747
211,2025,0.042488
212,2025,0.014011
213,2025,0.172504
214,2025,0.0594835
215,2025,0.018552
216,2025,0.003714
217,2025,0.0040275
218,2025,0.0002305
219,2025,0
220,2025,0.80565
221,2025,0
222,2025,0
223,2025,0
224,2025,0
225,2025,0
226,2025,0
227,2025,0
228,2025,0
229,2025,0.002346
230,2025,0
231,2025,0
232,2025,0.1022095
233,2025,0.11023
234,2025,0
235,2025,0
236,2025,0
237,2025,0
238,2025,0
239,2025,0
240,2025,0
241,2025,0
242,2025,0
243,2025,0
244,2025,0
245,2025,0
246,2025,0
247,2025,0
248,2025,0
249,2025,0
250,2025,0.0394125
251,2025,0
252,2025,0.317394
253,2025,0.0402035
254,2025,0.1576385
255,2025,0.010935
256,2025,0.0390235
257,2025,0.045979
258,2025,0.1136555
259,2025,0.034934
260,2025,0.0162385
261,2025,0.5951325
262,2025,0.0911135
263,2025,0.000322
264,2025,0
265,2025,0
266,2025,0.6920445
267,2025,0.0013935
268,2025,0
269,2025,0.0080135
270,2025,0.0014625
271,2025,0.158791
272,2025,0.123081
273,2025,0.4112355
274,2025,1
275,2025,0.0024615
276,2025,0.127184
277,2025,0
278,2025,0.0005735
279,2025,0.125324
280,2025,0.0085015
281,2025,0.0041895
282,2025,0.002947
283,2025,0
284,2025,0.0308675
285,2025,0.083913
286,2025,0.446643
287,2025,0.8281505
288,2025,0.2856605
289,2025,0.251142
290,2025,0.8638955
291,2025,0.769434
292,2025,0
293,2025,0
294,2025,1
295,2025,1
296,2025,0.0300675
297,2025,0.0012385
298,2025,0.159502
299,2025,0.0198985
300,2025,0.0010075
301,2025,0
302,2025,0
303,2025,0.0013275
304,2025,0.457102
305,2025,0.0019785
306,2025,0
307,2025,0.000249
308,2025,0
309,2025,0.00403
310,2025,0
311,2025,0.000773
312,2025,0.0006625
313,2025,0.0006095
314,2025,0.0291545
315,2025,0.0098645
316,2025,0.86385
317,2025,0
318,2025,0.033042
319,2025,0.193699
320,2025,0.0072045
321,2025,0
322,2025,0
323,2025,0
324,2025,0
325,2025,0.0033825
326,2025,0.04787
327,2025,0.296904
328,2025,0
329,2025,0
330,2025,0.529499
331,2025,0.7906385
332,2025,0.1140635
333,2025,0.9962305
334,2025,0.053889
335,2025,0
336,2025,0.016234
337,2025,0.701019
338,2025,0.3071365
339,2025,0.7314745
340,2025,0.570282
341,2025,0
342,2025,0
343,2025,0
344,2025,0
345,2025,0.1373485
346,2025,0.0083445
347,2025,0
348,2025,0.1042605
349,2025,0.0891215
350,2025,0.0420995
351,2025,0.0199695
352,2025,0.0030485
353,2025,0
354,2025,0
355,2025,0
356,2025,0
357,2025,0
358,2025,0
359,2025,0
360,2025,0
361,2025,0
362,2025,0
363,2025,0
364,2025,0
365,2025,0
366,2025,0
367,2025,0
368,2025,0
369,2025,0
370,2025,0
371,2025,0
372,2025,0
373,2025,0
374,2025,0
375,2025,0
376,2025,0
377,2025,0
378,2025,0
379,2025,0
380,2025,0
381,2025,0
382,2025,0
383,2025,0
384,2025,0
385,2025,0
386,2025,0
387,2025,0
388,2025,0
389,2025,0
390,2025,0
391,2025,0
392,2025,0
393,2025,0
394,2025,0
395,2025,0
396,2025,0
397,2025,0
398,2025,0
399,2025,0
400,2025,0
401,2025,0
402,2025,0
403,2025,0
404,2025,0
405,2025,0
406,2025,0
407,2025,0
408,2025,0
409,2025,0
410,2025,0
411,2025,0
412,2025,0
413,2025,0
414,2025,0
415,2025,0
416,2025,0
417,2025,0
418,2025,0
419,2025,0
420,2025,0
421,2025,0
422,2025,0
423,2025,0
424,2025,0
425,2025,0
426,2025,0
427,2025,0
428,2025,0
429,2025,0
430,2025,0
431,2025,0
432,2025,0
433,2025,0
434,2025,0
435,2025,0
436,2025,0
437,2025,0
438,2025,0
439,2025,0
440,2025,0
441,2025,0
442,2025,0
443,2025,0
444,2025,0
445,2025,0
446,2025,0
447,2025,0
448,2025,0
449,2025,0
450,2025,0
451,2025,0
452,2025,0
453,2025,0
454,2025,0
455,2025,0
456,2025,0
457,2025,0
458,2025,0
459,2025,0
1,2030,0.531359529
2,2030,0.92805591
3,2030,0.591099565
4,2030,0.233726384
5,2030,0.086105392
6,2030,0.132767923
7,2030,0.253863787
8,2030,0.46940627
9,2030,0.838315219
10,2030,0.815457033
11,2030,0.414144344
12,2030,0.343626706
13,2030,0.425714379
14,2030,0.468065248
15,2030,0.330264112
16,2030,0.626664712
17,2030,0.976336723
18,2030,1
19,2030,1
20,2030,0.501867704
21,2030,0.553631157
22,2030,0.412968252
23,2030,0.355808509
24,2030,0.444701152
25,2030,0.277137546
26,2030,0.313795565
27,2030,0.872319814
28,2030,0.576214969
29,2030,0.608091393
30,2030,0.91126885
31,2030,0.448733113
32,2030,0.567342417
33,2030,0.751416286
34,2030,1
35,2030,0.883280309
36,2030,0.966297354
37,2030,0.446128824
38,2030,0.923804502
39,2030,0.005347367
40,2030,0.496059241
41,2030,0.353386496
42,2030,0.151439693
43,2030,0.962138893
44,2030,0.213050332
45,2030,0.641787323
46,2030,0.177216014
47,2030,0.428746543
48,2030,0.532526194
49,2030,0.121314586
50,2030,0.138638255
51,2030,0.202344437
52,2030,0.508283318
53,2030,0.186765945
54,2030,0.685680505
55,2030,0.813895122
56,2030,0.946844576
57,2030,1
58,2030,0.330703294
59,2030,0.110133801
60,2030,0.092341619
61,2030,0.546772471
62,2030,0.351355698
63,2030,1
64,2030,0.984710026
65,2030,0.935390871
66,2030,0.314065915
67,2030,0.140623359
68,2030,0.473286981
69,2030,0.079658838
70,2030,0.320895244
71,2030,0.334619724
72,2030,0.779790156
73,2030,0.473394639
74,2030,0.979628558
75,2030,0.726024298
76,2030,0.488695275
77,2030,0.993776386
78,2030,0.999596672
79,2030,0.997115664
80,2030,1
81,2030,1
82,2030,1
83,2030,1
84,2030,1
85,2030,1
86,2030,0.577500048
87,2030,0.888417713
88,2030,0.40219125
89,2030,0.311478724
90,2030,0.298495324
91,2030,0.025357197
92,2030,0.01969488
93,2030,0.019991191
94,2030,0.481339772
95,2030,0.050024589
96,2030,0.049770069
97,2030,0.473310659
98,2030,0.035756272
99,2030,0.580391979
100,2030,0.293823564
101,2030,0.544277149
102,2030,0.428584545
103,2030,0.231739459
104,2030,0.259991738
105,2030,0.160160463
106,2030,0
107,2030,0.452055
108,2030,0.594595
109,2030,0.123324
110,2030,0.352941
111,2030,0.208009
112,2030,0.180894
113,2030,0.786156
114,2030,0.835648
115,2030,0.345572
116,2030,0.261384
117,2030,0.039423
118,2030,0.760908
119,2030,0.576251
120,2030,0.588602
121,2030,0.999351
122,2030,0.716925
123,2030,0.3447
124,2030,0.249354
125,2030,0.343264
126,2030,0.036573
127,2030,0.03544
128,2030,0.109142
129,2030,0.490343
130,2030,0.313364
131,2030,0.315217
132,2030,0.105957
133,2030,0.368052
134,2030,0.317829
135,2030,0.745127
136,2030,0.607237
137,2030,0.017713
138,2030,0.359649
139,2030,0.059375
140,2030,0.340777
141,2030,0.656652
142,2030,0.27668
143,2030,1
144,2030,0.349968
145,2030,0.328308
146,2030,0.457243
147,2030,0.09868
148,2030,0.117117
149,2030,0.171805
150,2030,0
151,2030,0
152,2030,0.007788
153,2030,0.192385
154,2030,0.902422
155,2030,0.328379
156,2030,0.360372
157,2030,0.001654
158,2030,0.17244
159,2030,0.186522
160,2030,0.21249
161,2030,0
162,2030,0
163,2030,0.184086
164,2030,0.002535
165,2030,0.051282
166,2030,0.01378
167,2030,0.030303
168,2030,0.136719
169,2030,0
170,2030,1
171,2030,0
172,2030,0.121068
173,2030,0.106703
174,2030,0.067577
175,2030,0.018234
176,2030,0.005803
177,2030,0.010244
178,2030,0
179,2030,0.005376
180,2030,0.00337
181,2030,0.011134
182,2030,0.005474
183,2030,0.021182
184,2030,0.136349
185,2030,0.318911
186,2030,0.693685
187,2030,0.336735
188,2030,0
189,2030,0.17959
190,2030,0.815051
191,2030,0.00045
192,2030,0.212369
193,2030,0.05767
194,2030,0.165436
195,2030,0.143579
196,2030,0
197,2030,0
198,2030,0.001043
199,2030,0.148916
200,2030,0.042776
201,2030,0
202,2030,0.146814
203,2030,0.001828
204,2030,0.158501
205,2030,0.036923
206,2030,0.585185
207,2030,0.14662
208,2030,0.185359
209,2030,0.023487
210,2030,0.237627
211,2030,0.065847
212,2030,0.019586
213,2030,0.25
214,2030,0.094666
215,2030,0.019434
216,2030,0.005547
217,2030,0.005294
218,2030,0.000461
219,2030,0
220,2030,0.803688
221,2030,0
222,2030,0
223,2030,0
224,2030,0
225,2030,0
226,2030,0
227,2030,0
228,2030,0
229,2030,0.003571
230,2030,0
231,2030,0
232,2030,0.104596
233,2030,0.106432
234,2030,0
235,2030,0
236,2030,0
237,2030,0
238,2030,0
239,2030,0
240,2030,0
241,2030,0
242,2030,0
243,2030,0
244,2030,0
245,2030,0
246,2030,0
247,2030,0
248,2030,0
249,2030,0
250,2030,0.053892
251,2030,0
252,2030,0.318483
253,2030,0.047887
254,2030,0.166584
255,2030,0.016033
256,2030,0.076039
257,2030,0.052484
258,2030,0.123389
259,2030,0.045655
260,2030,0.024582
261,2030,0.820896
262,2030,0.105594
263,2030,0.000644
264,2030,0
265,2030,0
266,2030,0.720877
267,2030,0.002787
268,2030,0
269,2030,0.007732
270,2030,0.001918
271,2030,0.199711
272,2030,0.17798
273,2030,0.466332
274,2030,1
275,2030,0.004923
276,2030,0.130697
277,2030,0
278,2030,0.001147
279,2030,0.166557
280,2030,0.011816
281,2030,0.006308
282,2030,0.005894
283,2030,0
284,2030,0.030559
285,2030,0.081573
286,2030,0.472264
287,2030,0.836629
288,2030,0.288632
289,2030,0.258951
290,2030,0.865065
291,2030,0.780745
292,2030,0
293,2030,0
294,2030,1
295,2030,1
296,2030,0.039727
297,2030,0.002477
298,2030,0.177536
299,2030,0.024575
300,2030,0.001451
301,2030,0
302,2030,0
303,2030,0.002655
304,2030,0.460993
305,2030,0.003957
306,2030,0
307,2030,0.000498
308,2030,0
309,2030,0.004355
310,2030,0
311,2030,0.001008
312,2030,0.001325
313,2030,0.001219
314,2030,0.030574
315,2030,0.010844
316,2030,0.863071
317,2030,0
318,2030,0.044025
319,2030,0.198027
320,2030,0.009412
321,2030,0
322,2030,0
323,2030,0
324,2030,0
325,2030,0.005412
326,2030,0.04574
327,2030,0.291473
328,2030,0
329,2030,0
330,2030,0.550473
331,2030,0.812665
332,2030,0.136452
333,2030,0.997669
334,2030,0.063126
335,2030,0
336,2030,0.018397
337,2030,0.733696
338,2030,0.325342
339,2030,0.76988
340,2030,0.589416
341,2030,0
342,2030,0
343,2030,0
344,2030,0
345,2030,0.138245
346,2030,0.009601
347,2030,0
348,2030,0.16
349,2030,0.145711
350,2030,0.062827
351,2030,0.0311
352,2030,0.004301
353,2030,0
354,2030,0
355,2030,0
356,2030,0
357,2030,0
358,2030,0
359,2030,0
360,2030,0
361,2030,0
362,2030,0
363,2030,0
364,2030,0
365,2030,0
366,2030,0
367,2030,0
368,2030,0
369,2030,0
370,2030,0
371,2030,0
372,2030,0
373,2030,0
374,2030,0
375,2030,0
376,2030,0
377,2030,0
378,2030,0
379,2030,0
380,2030,0
381,2030,0
382,2030,0
383,2030,0
384,2030,0
385,2030,0
386,2030,0
387,2030,0
388,2030,0
389,2030,0
390,2030,0
391,2030,0
392,2030,0
393,2030,0
394,2030,0
395,2030,0
396,2030,0
397,2030,0
398,2030,0
399,2030,0
400,2030,0
401,2030,0
402,2030,0
403,2030,0
404,2030,0
405,2030,0
406,2030,0
407,2030,0
408,2030,0
409,2030,0
410,2030,0
411,2030,0
412,2030,0
413,2030,0
414,2030,0
415,2030,0
416,2030,0
417,2030,0
418,2030,0
419,2030,0
420,2030,0
421,2030,0
422,2030,0
423,2030,0
424,2030,0
425,2030,0
426,2030,0
427,2030,0
428,2030,0
429,2030,0
430,2030,0
431,2030,0
432,2030,0
433,2030,0
434,2030,0
435,2030,0
436,2030,0
437,2030,0
438,2030,0
439,2030,0
440,2030,0
441,2030,0
442,2030,0
443,2030,0
444,2030,0
445,2030,0
446,2030,0
447,2030,0
448,2030,0
449,2030,0
450,2030,0
451,2030,0
452,2030,0
453,2030,0
454,2030,0
455,2030,0
456,2030,0
457,2030,0
458,2030,0
459,2030,0
1,2035,0.543305031
2,2035,0.929778213
3,2035,0.602320438
4,2035,0.236566532
5,2035,0.121693428
6,2035,0.136988819
7,2035,0.267197423
8,2035,0.49282526
9,2035,0.842799819
10,2035,0.820663588
11,2035,0.436814397
12,2035,0.359928445
13,2035,0.444727112
14,2035,0.487140199
15,2035,0.343816722
16,2035,0.641720209
17,2035,0.97731138
18,2035,1
19,2035,1
20,2035,0.518419466
21,2035,0.566697635
22,2035,0.423904959
23,2035,0.367565915
24,2035,0.457251984
25,2035,0.283762993
26,2035,0.330065351
27,2035,0.878026986
28,2035,0.588638403
29,2035,0.624475573
30,2035,0.914480024
31,2035,0.461918791
32,2035,0.569486371
33,2035,0.762463252
34,2035,1
35,2035,0.890451132
36,2035,0.970747983
37,2035,0.464729631
38,2035,0.931028337
39,2035,0.006837107
40,2035,0.521081418
41,2035,0.366292625
42,2035,0.156745577
43,2035,0.964445117
44,2035,0.233397922
45,2035,0.645665369
46,2035,0.19510814
47,2035,0.435026995
48,2035,0.542857826
49,2035,0.127857572
50,2035,0.147544364
51,2035,0.216300472
52,2035,0.524130172
53,2035,0.203499113
54,2035,0.702129948
55,2035,0.819909991
56,2035,0.948404408
57,2035,1
58,2035,0.349582617
59,2035,0.116666837
60,2035,0.102070376
61,2035,0.562274074
62,2035,0.360299639
63,2035,1
64,2035,0.985539037
65,2035,0.938867426
66,2035,0.321911485
67,2035,0.160524776
68,2035,0.479330124
69,2035,0.084981605
70,2035,0.329121729
71,2035,0.346588375
72,2035,0.786933338
73,2035,0.495729933
74,2035,0.980576706
75,2035,0.733589522
76,2035,0.493269771
77,2035,0.993975288
78,2035,0.999607755
79,2035,0.997196094
80,2035,1
81,2035,1
82,2035,1
83,2035,1
84,2035,1
85,2035,1
86,2035,0.582848255
87,2035,0.897809034
88,2035,0.476829394
89,2035,0.474129841
90,2035,0.306110888
91,2035,0.275885416
92,2035,0.028377074
93,2035,0.077729643
94,2035,0.606992046
95,2035,0.127012468
96,2035,0.141089647
97,2035,0.61274437
98,2035,0.047763928
99,2035,0.648354592
100,2035,0.311874972
101,2035,0.552632125
102,2035,0.434837909
103,2035,0.237526886
104,2035,0.263747226
105,2035,0.166246252
106,2035,0
107,2035,0.456621
108,2035,0.594595
109,2035,0.123324
110,2035,0.352941
111,2035,0.208009
112,2035,0.180894
113,2035,0.786156
114,2035,0.835648
115,2035,0.345572
116,2035,0.261384
117,2035,0.039423
118,2035,0.760908
119,2035,0.576251
120,2035,0.588602
121,2035,0.999351
122,2035,0.716925
123,2035,0.3447
124,2035,0.249354
125,2035,0.343264
126,2035,0.036573
127,2035,0.03544
128,2035,0.109142
129,2035,0.490343
130,2035,0.313364
131,2035,0.315217
132,2035,0.105957
133,2035,0.368052
134,2035,0.317829
135,2035,0.745127
136,2035,0.607237
137,2035,0.017713
138,2035,0.359649
139,2035,0.059375
140,2035,0.340777
141,2035,0.656652
142,2035,0.27668
143,2035,1
144,2035,0.349968
145,2035,0.328308
146,2035,0.457243
147,2035,0.09868
148,2035,0.117117
149,2035,0.171805
150,2035,0
151,2035,0
152,2035,0.007788
153,2035,0.192385
154,2035,0.902422
155,2035,0.328379
156,2035,0.360372
157,2035,0.001654
158,2035,0.17244
159,2035,0.186522
160,2035,0.21249
161,2035,0
162,2035,0
163,2035,0.184086
164,2035,0.002535
165,2035,0.051282
166,2035,0.01378
167,2035,0.030303
168,2035,0.136719
169,2035,0
170,2035,1
171,2035,0
172,2035,0.121455
173,2035,0.106703
174,2035,0.128326667
175,2035,0.018234
176,2035,0.049215667
177,2035,0.017561
178,2035,0
179,2035,0.005376
180,2035,0.00337
181,2035,0.011134
182,2035,0.005474
183,2035,0.021182
184,2035,0.136349
185,2035,0.318911
186,2035,0.698890667
187,2035,0.336735
188,2035,0
189,2035,0.17959
190,2035,0.815051
191,2035,0.00045
192,2035,0.212369
193,2035,0.05767
194,2035,0.165436
195,2035,0.143579
196,2035,0
197,2035,0
198,2035,0.001043
199,2035,0.148916
200,2035,0.042776
201,2035,0
202,2035,0.146814
203,2035,0.001828
204,2035,0.158501
205,2035,0.037037667
206,2035,0.585185
207,2035,0.14662
208,2035,0.185359
209,2035,0.023487
210,2035,0.237627
211,2035,0.065066667
212,2035,0.019492333
213,2035,0.25
214,2035,0.094666
215,2035,0.019434
216,2035,0.005547
217,2035,0.005294
218,2035,0.000461
219,2035,0
220,2035,0.803688
221,2035,0
222,2035,0
223,2035,0
224,2035,0
225,2035,0
226,2035,0
227,2035,0
228,2035,0
229,2035,0.003571
230,2035,0
231,2035,0
232,2035,0.107624333
233,2035,0.109378667
234,2035,0
235,2035,0
236,2035,0
237,2035,0
238,2035,0
239,2035,0
240,2035,0
241,2035,0
242,2035,0
243,2035,0
244,2035,0
245,2035,0
246,2035,0
247,2035,0
248,2035,0
249,2035,0
250,2035,0.053892
251,2035,0
252,2035,0.318483
253,2035,0.047887
254,2035,0.166584
255,2035,0.016033
256,2035,0.076039
257,2035,0.052484
258,2035,0.123389
259,2035,0.045655
260,2035,0.106358667
261,2035,0.851575667
262,2035,0.140601333
263,2035,0.000644
264,2035,0
265,2035,0.134662333
266,2035,0.720877
267,2035,0.002787
268,2035,0
269,2035,0.007732
270,2035,0.001918
271,2035,0.199711
272,2035,0.17798
273,2035,0.466332
274,2035,1
275,2035,0.004923
276,2035,0.130697
277,2035,0
278,2035,0.001147
279,2035,0.166557
280,2035,0.011816
281,2035,0.006308
282,2035,0.004587333
283,2035,0
284,2035,0.030559
285,2035,0.081573
286,2035,0.472264
287,2035,0.836629
288,2035,0.288632
289,2035,0.258951
290,2035,0.865065
291,2035,0.780745
292,2035,0
293,2035,0
294,2035,1
295,2035,1
296,2035,0.039727
297,2035,0.002477
298,2035,0.177536
299,2035,0.024575
300,2035,0.001451
301,2035,0
302,2035,0
303,2035,0.002655
304,2035,0.460993
305,2035,0.003957
306,2035,0
307,2035,0.000498
308,2035,0
309,2035,0.004355
310,2035,0
311,2035,0.001008
312,2035,0.001325
313,2035,0.001219
314,2035,0.030574
315,2035,0.043635333
316,2035,0.863071
317,2035,0
318,2035,0.060796667
319,2035,0.198027
320,2035,0.009412
321,2035,0
322,2035,0
323,2035,0
324,2035,0
325,2035,0.005412
326,2035,0.04574
327,2035,0.291473
328,2035,0
329,2035,0
330,2035,0.550473
331,2035,0.812665
332,2035,0.136452
333,2035,0.997669
334,2035,0.063126
335,2035,0
336,2035,0.018397
337,2035,0.733696
338,2035,0.325342
339,2035,0.76988
340,2035,0.589416
341,2035,0
342,2035,0
343,2035,0
344,2035,0
345,2035,0.138245
346,2035,0.009601
347,2035,0
348,2035,0.16
349,2035,0.145711
350,2035,0.062827
351,2035,0.0311
352,2035,0.004301
353,2035,0
354,2035,0
355,2035,0
356,2035,0
357,2035,0
358,2035,0
359,2035,0
360,2035,0
361,2035,0
362,2035,0
363,2035,0
364,2035,0
365,2035,0
366,2035,0
367,2035,0
368,2035,0
369,2035,0
370,2035,0
371,2035,0
372,2035,0
373,2035,0
374,2035,0
375,2035,0
376,2035,0
377,2035,0
378,2035,0
379,2035,0
380,2035,0
381,2035,0
382,2035,0
383,2035,0
384,2035,0
385,2035,0
386,2035,0
387,2035,0
388,2035,0
389,2035,0
390,2035,0
391,2035,0
392,2035,0
393,2035,0
394,2035,0
395,2035,0
396,2035,0
397,2035,0
398,2035,0
399,2035,0
400,2035,0
401,2035,0
402,2035,0
403,2035,0
404,2035,0
405,2035,0
406,2035,0
407,2035,0
408,2035,0
409,2035,0
410,2035,0
411,2035,0
412,2035,0
413,2035,0
414,2035,0
415,2035,0
416,2035,0
417,2035,0
418,2035,0
419,2035,0
420,2035,0
421,2035,0
422,2035,0
423,2035,0
424,2035,0
425,2035,0
426,2035,0
427,2035,0
428,2035,0
429,2035,0
430,2035,0
431,2035,0
432,2035,0
433,2035,0
434,2035,0
435,2035,0
436,2035,0
437,2035,0
438,2035,0
439,2035,0
440,2035,0
441,2035,0
442,2035,0
443,2035,0
444,2035,0
445,2035,0
446,2035,0
447,2035,0
448,2035,0
449,2035,0
450,2035,0
451,2035,0
452,2035,0
453,2035,0
454,2035,0
455,2035,0
456,2035,0
457,2035,0
458,2035,0
459,2035,0
1,2040,0.567196035
2,2040,0.93322282
3,2040,0.624762185
4,2040,0.242246827
5,2040,0.192869499
6,2040,0.145430612
7,2040,0.293864694
8,2040,0.53966324
9,2040,0.851769017
10,2040,0.831076698
11,2040,0.482154502
12,2040,0.392531924
13,2040,0.482752577
14,2040,0.5252901
15,2040,0.370921942
16,2040,0.671831203
17,2040,0.979260695
18,2040,1
19,2040,1
20,2040,0.55152299
21,2040,0.59283059
22,2040,0.445778374
23,2040,0.391080728
24,2040,0.482353647
25,2040,0.297013888
26,2040,0.362604924
27,2040,0.889441331
28,2040,0.61348527
29,2040,0.657243934
30,2040,0.920902372
31,2040,0.488290146
32,2040,0.573774279
33,2040,0.784557182
34,2040,1
35,2040,0.904792777
36,2040,0.979649242
37,2040,0.501931245
38,2040,0.945476008
39,2040,0.009816587
40,2040,0.571125772
41,2040,0.392104884
42,2040,0.167357343
43,2040,0.969057565
44,2040,0.274093101
45,2040,0.653421459
46,2040,0.230892394
47,2040,0.447587898
48,2040,0.56352109
49,2040,0.140943544
50,2040,0.165356584
51,2040,0.244212543
52,2040,0.55582388
53,2040,0.236965449
54,2040,0.735028832
55,2040,0.831939729
56,2040,0.951524072
57,2040,1
58,2040,0.387341261
59,2040,0.129732908
60,2040,0.12152789
61,2040,0.593277279
62,2040,0.37818752
63,2040,1
64,2040,0.987197059
65,2040,0.945820537
66,2040,0.337602624
67,2040,0.20032761
68,2040,0.49141641
69,2040,0.095627138
70,2040,0.3455747
71,2040,0.370525677
72,2040,0.801219702
73,2040,0.540400521
74,2040,0.982473003
75,2040,0.74871997
76,2040,0.502418764
77,2040,0.994373094
78,2040,0.999629921
79,2040,0.997356954
80,2040,1
81,2040,1
82,2040,1
83,2040,1
84,2040,1
85,2040,1
86,2040,0.593544669
87,2040,0.916591678
88,2040,0.626105682
89,2040,0.799432073
90,2040,0.321342016
91,2040,0.776941854
92,2040,0.045741461
93,2040,0.193206546
94,2040,0.858296594
95,2040,0.280988226
96,2040,0.323728803
97,2040,0.891611793
98,2040,0.071779239
99,2040,0.784279817
100,2040,0.347977789
101,2040,0.569342077
102,2040,0.447344636
103,2040,0.24910174
104,2040,0.271258201
105,2040,0.17841783
106,2040,0
107,2040,0.465753
108,2040,0.594595
109,2040,0.123324
110,2040,0.352941
111,2040,0.208009
112,2040,0.180894
113,2040,0.786156
114,2040,0.835648
115,2040,0.345572
116,2040,0.261384
117,2040,0.039423
118,2040,0.760908
119,2040,0.576251
120,2040,0.588602
121,2040,0.999351
122,2040,0.716925
123,2040,0.3447
124,2040,0.249354
125,2040,0.343264
126,2040,0.036573
127,2040,0.03544
128,2040,0.109142
129,2040,0.490343
130,2040,0.313364
131,2040,0.315217
132,2040,0.105957
133,2040,0.368052
134,2040,0.317829
135,2040,0.745127
136,2040,0.607237
137,2040,0.017713
138,2040,0.359649
139,2040,0.059375
140,2040,0.340777
141,2040,0.656652
142,2040,0.27668
143,2040,1
144,2040,0.349968
145,2040,0.328308
146,2040,0.457243
147,2040,0.09868
148,2040,0.117117
149,2040,0.171805
150,2040,0
151,2040,0
152,2040,0.007788
153,2040,0.192385
154,2040,0.902422
155,2040,0.328379
156,2040,0.360372
157,2040,0.001654
158,2040,0.17244
159,2040,0.186522
160,2040,0.21249
161,2040,0
162,2040,0
163,2040,0.184086
164,2040,0.002535
165,2040,0.051282
166,2040,0.01378
167,2040,0.030303
168,2040,0.136719
169,2040,0
170,2040,1
171,2040,0
172,2040,0.122229
173,2040,0.106703
174,2040,0.249826
175,2040,0.018234
176,2040,0.136041
177,2040,0.032195
178,2040,0
179,2040,0.005376
180,2040,0.00337
181,2040,0.011134
182,2040,0.005474
183,2040,0.021182
184,2040,0.136349
185,2040,0.318911
186,2040,0.709302
187,2040,0.336735
188,2040,0
189,2040,0.17959
190,2040,0.815051
191,2040,0.00045
192,2040,0.212369
193,2040,0.05767
194,2040,0.165436
195,2040,0.143579
196,2040,0
197,2040,0
198,2040,0.001043
199,2040,0.148916
200,2040,0.042776
201,2040,0
202,2040,0.146814
203,2040,0.001828
204,2040,0.158501
205,2040,0.037267
206,2040,0.585185
207,2040,0.14662
208,2040,0.185359
209,2040,0.023487
210,2040,0.237627
211,2040,0.063506
212,2040,0.019305
213,2040,0.25
214,2040,0.094666
215,2040,0.019434
216,2040,0.005547
217,2040,0.005294
218,2040,0.000461
219,2040,0
220,2040,0.803688
221,2040,0
222,2040,0
223,2040,0
224,2040,0
225,2040,0
226,2040,0
227,2040,0
228,2040,0
229,2040,0.003571
230,2040,0
231,2040,0
232,2040,0.113681
233,2040,0.115272
234,2040,0
235,2040,0
236,2040,0
237,2040,0
238,2040,0
239,2040,0
240,2040,0
241,2040,0
242,2040,0
243,2040,0
244,2040,0
245,2040,0
246,2040,0
247,2040,0
248,2040,0
249,2040,0
250,2040,0.053892
251,2040,0
252,2040,0.318483
253,2040,0.047887
254,2040,0.166584
255,2040,0.016033
256,2040,0.076039
257,2040,0.052484
258,2040,0.123389
259,2040,0.045655
260,2040,0.269912
261,2040,0.912935
262,2040,0.210616
263,2040,0.000644
264,2040,0
265,2040,0.403987
266,2040,0.720877
267,2040,0.002787
268,2040,0
269,2040,0.007732
270,2040,0.001918
271,2040,0.199711
272,2040,0.17798
273,2040,0.466332
274,2040,1
275,2040,0.004923
276,2040,0.130697
277,2040,0
278,2040,0.001147
279,2040,0.166557
280,2040,0.011816
281,2040,0.006308
282,2040,0.001974
283,2040,0
284,2040,0.030559
285,2040,0.081573
286,2040,0.472264
287,2040,0.836629
288,2040,0.288632
289,2040,0.258951
290,2040,0.865065
291,2040,0.780745
292,2040,0
293,2040,0
294,2040,1
295,2040,1
296,2040,0.039727
297,2040,0.002477
298,2040,0.177536
299,2040,0.024575
300,2040,0.001451
301,2040,0
302,2040,0
303,2040,0.002655
304,2040,0.460993
305,2040,0.003957
306,2040,0
307,2040,0.000498
308,2040,0
309,2040,0.004355
310,2040,0
311,2040,0.001008
312,2040,0.001325
313,2040,0.001219
314,2040,0.030574
315,2040,0.109218
316,2040,0.863071
317,2040,0
318,2040,0.09434
319,2040,0.198027
320,2040,0.009412
321,2040,0
322,2040,0
323,2040,0
324,2040,0
325,2040,0.005412
326,2040,0.04574
327,2040,0.291473
328,2040,0
329,2040,0
330,2040,0.550473
331,2040,0.812665
332,2040,0.136452
333,2040,0.997669
334,2040,0.063126
335,2040,0
336,2040,0.018397
337,2040,0.733696
338,2040,0.325342
339,2040,0.76988
340,2040,0.589416
341,2040,0
342,2040,0
343,2040,0
344,2040,0
345,2040,0.138245
346,2040,0.009601
347,2040,0
348,2040,0.16
349,2040,0.145711
350,2040,0.062827
351,2040,0.0311
352,2040,0.004301
353,2040,0
354,2040,0
355,2040,0
356,2040,0
357,2040,0
358,2040,0
359,2040,0
360,2040,0
361,2040,0
362,2040,0
363,2040,0
364,2040,0
365,2040,0
366,2040,0
367,2040,0
368,2040,0
369,2040,0
370,2040,0
371,2040,0
372,2040,0
373,2040,0
374,2040,0
375,2040,0
376,2040,0
377,2040,0
378,2040,0
379,2040,0
380,2040,0
381,2040,0
382,2040,0
383,2040,0
384,2040,0
385,2040,0
386,2040,0
387,2040,0
388,2040,0
389,2040,0
390,2040,0
391,2040,0
392,2040,0
393,2040,0
394,2040,0
395,2040,0
396,2040,0
397,2040,0
398,2040,0
399,2040,0
400,2040,0
401,2040,0
402,2040,0
403,2040,0
404,2040,0
405,2040,0
406,2040,0
407,2040,0
408,2040,0
409,2040,0
410,2040,0
411,2040,0
412,2040,0
413,2040,0
414,2040,0
415,2040,0
416,2040,0
417,2040,0
418,2040,0
419,2040,0
420,2040,0
421,2040,0
422,2040,0
423,2040,0
424,2040,0
425,2040,0
426,2040,0
427,2040,0
428,2040,0
429,2040,0
430,2040,0
431,2040,0
432,2040,0
433,2040,0
434,2040,0
435,2040,0
436,2040,0
437,2040,0
438,2040,0
439,2040,0
440,2040,0
441,2040,0
442,2040,0
443,2040,0
444,2040,0
445,2040,0
446,2040,0
447,2040,0
448,2040,0
449,2040,0
450,2040,0
451,2040,0
452,2040,0
453,2040,0
454,2040,0
455,2040,0
456,2040,0
457,2040,0
458,2040,0
459,2040,0
1,2045,0.567196035
2,2045,0.93322282
3,2045,0.624762185
4,2045,0.242246827
5,2045,0.192869499
6,2045,0.145430612
7,2045,0.293864694
8,2045,0.53966324
9,2045,0.851769017
10,2045,0.831076698
11,2045,0.482154502
12,2045,0.392531924
13,2045,0.482752577
14,2045,0.5252901
15,2045,0.370921942
16,2045,0.671831203
17,2045,0.979260695
18,2045,1
19,2045,1
20,2045,0.55152299
21,2045,0.59283059
22,2045,0.445778374
23,2045,0.391080728
24,2045,0.482353647
25,2045,0.297013888
26,2045,0.362604924
27,2045,0.889441331
28,2045,0.61348527
29,2045,0.657243934
30,2045,0.920902372
31,2045,0.488290146
32,2045,0.573774279
33,2045,0.784557182
34,2045,1
35,2045,0.904792777
36,2045,0.979649242
37,2045,0.501931245
38,2045,0.945476008
39,2045,0.009816587
40,2045,0.571125772
41,2045,0.392104884
42,2045,0.167357343
43,2045,0.969057565
44,2045,0.274093101
45,2045,0.653421459
46,2045,0.230892394
47,2045,0.447587898
48,2045,0.56352109
49,2045,0.140943544
50,2045,0.165356584
51,2045,0.244212543
52,2045,0.55582388
53,2045,0.236965449
54,2045,0.735028832
55,2045,0.831939729
56,2045,0.951524072
57,2045,1
58,2045,0.387341261
59,2045,0.129732908
60,2045,0.12152789
61,2045,0.593277279
62,2045,0.37818752
63,2045,1
64,2045,0.987197059
65,2045,0.945820537
66,2045,0.337602624
67,2045,0.20032761
68,2045,0.49141641
69,2045,0.095627138
70,2045,0.3455747
71,2045,0.370525677
72,2045,0.801219702
73,2045,0.540400521
74,2045,0.982473003
75,2045,0.74871997
76,2045,0.502418764
77,2045,0.994373094
78,2045,0.999629921
79,2045,0.997356954
80,2045,1
81,2045,1
82,2045,1
83,2045,1
84,2045,1
85,2045,1
86,2045,0.593544669
87,2045,0.916591678
88,2045,0.626105682
89,2045,0.799432073
90,2045,0.321342016
91,2045,0.776941854
92,2045,0.045741461
93,2045,0.193206546
94,2045,0.858296594
95,2045,0.280988226
96,2045,0.323728803
97,2045,0.891611793
98,2045,0.071779239
99,2045,0.784279817
100,2045,0.347977789
101,2045,0.569342077
102,2045,0.447344636
103,2045,0.24910174
104,2045,0.271258201
105,2045,0.17841783
106,2045,0
107,2045,0.465753
108,2045,0.594595
109,2045,0.123324
110,2045,0.352941
111,2045,0.208009
112,2045,0.180894
113,2045,0.786156
114,2045,0.835648
115,2045,0.345572
116,2045,0.261384
117,2045,0.039423
118,2045,0.760908
119,2045,0.576251
120,2045,0.588602
121,2045,0.999351
122,2045,0.716925
123,2045,0.3447
124,2045,0.249354
125,2045,0.343264
126,2045,0.036573
127,2045,0.03544
128,2045,0.109142
129,2045,0.490343
130,2045,0.313364
131,2045,0.315217
132,2045,0.105957
133,2045,0.368052
134,2045,0.317829
135,2045,0.745127
136,2045,0.607237
137,2045,0.017713
138,2045,0.359649
139,2045,0.059375
140,2045,0.340777
141,2045,0.656652
142,2045,0.27668
143,2045,1
144,2045,0.349968
145,2045,0.328308
146,2045,0.457243
147,2045,0.09868
148,2045,0.117117
149,2045,0.171805
150,2045,0
151,2045,0
152,2045,0.007788
153,2045,0.192385
154,2045,0.902422
155,2045,0.328379
156,2045,0.360372
157,2045,0.001654
158,2045,0.17244
159,2045,0.186522
160,2045,0.21249
161,2045,0
162,2045,0
163,2045,0.184086
164,2045,0.002535
165,2045,0.051282
166,2045,0.01378
167,2045,0.030303
168,2045,0.136719
169,2045,0
170,2045,1
171,2045,0
172,2045,0.122229
173,2045,0.106703
174,2045,0.249826
175,2045,0.018234
176,2045,0.136041
177,2045,0.032195
178,2045,0
179,2045,0.005376
180,2045,0.00337
181,2045,0.011134
182,2045,0.005474
183,2045,0.021182
184,2045,0.136349
185,2045,0.318911
186,2045,0.709302
187,2045,0.336735
188,2045,0
189,2045,0.17959
190,2045,0.815051
191,2045,0.00045
192,2045,0.212369
193,2045,0.05767
194,2045,0.165436
195,2045,0.143579
196,2045,0
197,2045,0
198,2045,0.001043
199,2045,0.148916
200,2045,0.042776
201,2045,0
202,2045,0.146814
203,2045,0.001828
204,2045,0.158501
205,2045,0.037267
206,2045,0.585185
207,2045,0.14662
208,2045,0.185359
209,2045,0.023487
210,2045,0.237627
211,2045,0.063506
212,2045,0.019305
213,2045,0.25
214,2045,0.094666
215,2045,0.019434
216,2045,0.005547
217,2045,0.005294
218,2045,0.000461
219,2045,0
220,2045,0.803688
221,2045,0
222,2045,0
223,2045,0
224,2045,0
225,2045,0
226,2045,0
227,2045,0
228,2045,0
229,2045,0.003571
230,2045,0
231,2045,0
232,2045,0.113681
233,2045,0.115272
234,2045,0
235,2045,0
236,2045,0
237,2045,0
238,2045,0
239,2045,0
240,2045,0
241,2045,0
242,2045,0
243,2045,0
244,2045,0
245,2045,0
246,2045,0
247,2045,0
248,2045,0
249,2045,0
250,2045,0.053892
251,2045,0
252,2045,0.318483
253,2045,0.047887
254,2045,0.166584
255,2045,0.016033
256,2045,0.076039
257,2045,0.052484
258,2045,0.123389
259,2045,0.045655
260,2045,0.269912
261,2045,0.912935
262,2045,0.210616
263,2045,0.000644
264,2045,0
265,2045,0.403987
266,2045,0.720877
267,2045,0.002787
268,2045,0
269,2045,0.007732
270,2045,0.001918
271,2045,0.199711
272,2045,0.17798
273,2045,0.466332
274,2045,1
275,2045,0.004923
276,2045,0.130697
277,2045,0
278,2045,0.001147
279,2045,0.166557
280,2045,0.011816
281,2045,0.006308
282,2045,0.001974
283,2045,0
284,2045,0.030559
285,2045,0.081573
286,2045,0.472264
287,2045,0.836629
288,2045,0.288632
289,2045,0.258951
290,2045,0.865065
291,2045,0.780745
292,2045,0
293,2045,0
294,2045,1
295,2045,1
296,2045,0.039727
297,2045,0.002477
298,2045,0.177536
299,2045,0.024575
300,2045,0.001451
301,2045,0
302,2045,0
303,2045,0.002655
304,2045,0.460993
305,2045,0.003957
306,2045,0
307,2045,0.000498
308,2045,0
309,2045,0.004355
310,2045,0
311,2045,0.001008
312,2045,0.001325
313,2045,0.001219
314,2045,0.030574
315,2045,0.109218
316,2045,0.863071
317,2045,0
318,2045,0.09434
319,2045,0.198027
320,2045,0.009412
321,2045,0
322,2045,0
323,2045,0
324,2045,0
325,2045,0.005412
326,2045,0.04574
327,2045,0.291473
328,2045,0
329,2045,0
330,2045,0.550473
331,2045,0.812665
332,2045,0.136452
333,2045,0.997669
334,2045,0.063126
335,2045,0
336,2045,0.018397
337,2045,0.733696
338,2045,0.325342
339,2045,0.76988
340,2045,0.589416
341,2045,0
342,2045,0
343,2045,0
344,2045,0
345,2045,0.138245
346,2045,0.009601
347,2045,0
348,2045,0.16
349,2045,0.145711
350,2045,0.062827
351,2045,0.0311
352,2045,0.004301
353,2045,0
354,2045,0
355,2045,0
356,2045,0
357,2045,0
358,2045,0
359,2045,0
360,2045,0
361,2045,0
362,2045,0
363,2045,0
364,2045,0
365,2045,0
366,2045,0
367,2045,0
368,2045,0
369,2045,0
370,2045,0
371,2045,0
372,2045,0
373,2045,0
374,2045,0
375,2045,0
376,2045,0
377,2045,0
378,2045,0
379,2045,0
380,2045,0
381,2045,0
382,2045,0
383,2045,0
384,2045,0
385,2045,0
386,2045,0
387,2045,0
388,2045,0
389,2045,0
390,2045,0
391,2045,0
392,2045,0
393,2045,0
394,2045,0
395,2045,0
396,2045,0
397,2045,0
398,2045,0
399,2045,0
400,2045,0
401,2045,0
402,2045,0
403,2045,0
404,2045,0
405,2045,0
406,2045,0
407,2045,0
408,2045,0
409,2045,0
410,2045,0
411,2045,0
412,2045,0
413,2045,0
414,2045,0
415,2045,0
416,2045,0
417,2045,0
418,2045,0
419,2045,0
420,2045,0
421,2045,0
422,2045,0
423,2045,0
424,2045,0
425,2045,0
426,2045,0
427,2045,0
428,2045,0
429,2045,0
430,2045,0
431,2045,0
432,2045,0
433,2045,0
434,2045,0
435,2045,0
436,2045,0
437,2045,0
438,2045,0
439,2045,0
440,2045,0
441,2045,0
442,2045,0
443,2045,0
444,2045,0
445,2045,0
446,2045,0
447,2045,0
448,2045,0
449,2045,0
450,2045,0
451,2045,0
452,2045,0
453,2045,0
454,2045,0
455,2045,0
456,2045,0
457,2045,0
458,2045,0
459,2045,0
1,2050,0.590794276
2,2050,0.936815798
3,2050,0.655274329
4,2050,0.247643316
5,2050,0.345938056
6,2050,0.155118812
7,2050,0.351766277
8,2050,0.627094002
9,2050,0.853595154
10,2050,0.846105811
11,2050,0.562397317
12,2050,0.491119564
13,2050,0.55052018
14,2050,0.585183445
15,2050,0.429040486
16,2050,0.721173855
17,2050,0.981560656
18,2050,1
19,2050,1
20,2050,0.585595322
21,2050,0.63496394
22,2050,0.507425541
23,2050,0.454041409
24,2050,0.543899352
25,2050,0.321602918
26,2050,0.414779956
27,2050,0.907196405
28,2050,0.643011516
29,2050,0.692210077
30,2050,0.92845914
31,2050,0.526675672
32,2050,0.587761699
33,2050,0.815790017
34,2050,1
35,2050,0.927449237
36,2050,0.996540389
37,2050,0.566613827
38,2050,0.96663742
39,2050,0.056292867
40,2050,0.620426091
41,2050,0.484327903
42,2050,0.181377699
43,2050,0.974767225
44,2050,0.322129784
45,2050,0.660702567
46,2050,0.271103091
47,2050,0.462390872
48,2050,0.587423101
49,2050,0.163767541
50,2050,0.22563222
51,2050,0.330172727
52,2050,0.61671819
53,2050,0.299314003
54,2050,0.78785546
55,2050,0.850819187
56,2050,0.962121275
57,2050,1
58,2050,0.450322673
59,2050,0.147928426
60,2050,0.184381088
61,2050,0.630040269
62,2050,0.403742397
63,2050,1
64,2050,0.991423085
65,2050,0.964266737
66,2050,0.358593924
67,2050,0.283559798
68,2050,0.507453952
69,2050,0.11470007
70,2050,0.369645379
71,2050,0.407637617
72,2050,0.822159462
73,2050,0.547763491
74,2050,0.985719833
75,2050,0.757770144
76,2050,0.514541074
77,2050,0.994884507
78,2050,0.999658103
79,2050,0.997595039
80,2050,1
81,2050,1
82,2050,1
83,2050,1
84,2050,1
85,2050,1
86,2050,0.614740648
87,2050,0.930687217
88,2050,0.80123291
89,2050,1
90,2050,0.347775008
91,2050,1
92,2050,0.074652397
93,2050,1
94,2050,1
95,2050,0.938595593
96,2050,1
97,2050,1
98,2050,0.178510743
99,2050,0.975084244
100,2050,0.412330117
101,2050,0.591791723
102,2050,0.464911131
103,2050,0.258417304
104,2050,0.286840561
105,2050,0.185766021
106,2050,0
107,2050,0.493785398
108,2050,0.615283646
109,2050,0.125187204
110,2050,0.37172333
111,2050,0.24465285
112,2050,0.187883224
113,2050,0.798392772
114,2050,0.8438777
115,2050,0.365431338
116,2050,0.289459137
117,2050,0.047416573
118,2050,0.787761608
119,2050,0.600420498
120,2050,0.61019149
121,2050,0.999599556
122,2050,0.736325661
123,2050,0.372407405
124,2050,0.274134789
125,2050,0.370194877
126,2050,0.045977642
127,2050,0.053082367
128,2050,0.09687364
129,2050,0.49261951
130,2050,0.323097968
131,2050,0.32713286
132,2050,0.113389449
133,2050,0.382231904
134,2050,0.339865404
135,2050,0.753807131
136,2050,0.630272021
137,2050,0.018954432
138,2050,0.361448083
139,2050,0.063649947
140,2050,0.33854279
141,2050,0.682410833
142,2050,0.307996172
143,2050,1
144,2050,0.361505474
145,2050,0.337730293
146,2050,0.475125218
147,2050,0.122237272
148,2050,0.150079178
149,2050,0.167929768
150,2050,0
151,2050,0
152,2050,0.010660141
153,2050,0.16490767
154,2050,0.905155401
155,2050,0.321171819
156,2050,0.368058109
157,2050,0.001640704
158,2050,0.181044911
159,2050,0.254399135
160,2050,0.218211706
161,2050,0
162,2050,0
163,2050,0.197751384
164,2050,0.00273226
165,2050,0.099331271
166,2050,0.017151162
167,2050,0.032203336
168,2050,0.185307773
169,2050,0
170,2050,1
171,2050,0
172,2050,0.138470667
173,2050,0.10771706
174,2050,0.443992292
175,2050,0.017162545
176,2050,0.442000655
177,2050,0.117226473
178,2050,0
179,2050,0.00116536
180,2050,0.000971439
181,2050,0.01585788
182,2050,0.012819162
183,2050,0.017824817
184,2050,0.131522582
185,2050,0.323557316
186,2050,0.72404921
187,2050,0.385592686
188,2050,0
189,2050,0.212922116
190,2050,0.682521802
191,2050,0.000996517
192,2050,0.198499586
193,2050,0.059255126
194,2050,0.170407905
195,2050,0.139742227
196,2050,0
197,2050,0
198,2050,0.000884247
199,2050,0.145838516
200,2050,0.042278215
201,2050,0
202,2050,0.160170684
203,2050,0.001790991
204,2050,0.124518257
205,2050,0.036373323
206,2050,0.586297703
207,2050,0.182344895
208,2050,0.208266535
209,2050,0.042320161
210,2050,0.224378042
211,2050,0
212,2050,0
213,2050,0.427083835
214,2050,0.21275341
215,2050,0.014861707
216,2050,0.05754017
217,2050,0.005426694
218,2050,0.000433203
219,2050,0
220,2050,0
221,2050,0
222,2050,0
223,2050,0
224,2050,0
225,2050,0
226,2050,0
227,2050,0
228,2050,0
229,2050,0
230,2050,0
231,2050,0
232,2050,0.131945238
233,2050,0.20876098
234,2050,0
235,2050,0
236,2050,0
237,2050,0
238,2050,0
239,2050,0
240,2050,0
241,2050,0
242,2050,0
243,2050,0
244,2050,0
245,2050,0
246,2050,0
247,2050,0
248,2050,0
249,2050,0
250,2050,0.04560836
251,2050,0
252,2050,0.409992841
253,2050,0.048856849
254,2050,0.214266801
255,2050,0.019157584
256,2050,0.103385124
257,2050,0.053919779
258,2050,0.130634422
259,2050,0.049445989
260,2050,1
261,2050,0.951135952
262,2050,0.29412635
263,2050,0.000524475
264,2050,0
265,2050,0
266,2050,0.805674769
267,2050,0.002101338
268,2050,0
269,2050,0.007628341
270,2050,0.001918
271,2050,0.219097612
272,2050,0.184742572
273,2050,0.515496825
274,2050,1
275,2050,0.002458822
276,2050,0.148837729
277,2050,0
278,2050,0.000638868
279,2050,0.172529948
280,2050,0.011051515
281,2050,0
282,2050,0
283,2050,0
284,2050,0.029325498
285,2050,0.082913193
286,2050,0.477650099
287,2050,0.853295786
288,2050,0.292798358
289,2050,0.275462621
290,2050,0.870717732
291,2050,0.791577802
292,2050,0
293,2050,0
294,2050,1
295,2050,1
296,2050,0.049746092
297,2050,0.00129884
298,2050,0.17821229
299,2050,0.026515139
300,2050,0.001579688
301,2050,0
302,2050,0
303,2050,0.001995391
304,2050,0.461059487
305,2050,0.003353243
306,2050,0
307,2050,0.000412313
308,2050,0
309,2050,0.004914174
310,2050,0
311,2050,0.007802404
312,2050,0.001453453
313,2050,0.001165089
314,2050,0.055295697
315,2050,0.358789571
316,2050,0.86436511
317,2050,0
318,2050,0.156056513
319,2050,0.142274836
320,2050,0.009927135
321,2050,0
322,2050,0
323,2050,0
324,2050,0
325,2050,0
326,2050,0
327,2050,0.286557855
328,2050,0
329,2050,0
330,2050,0.548570269
331,2050,0.81336681
332,2050,0.136314399
333,2050,0.998037806
334,2050,0
335,2050,0
336,2050,0.018170903
337,2050,0.739144667
338,2050,0.337078644
339,2050,0.770477081
340,2050,0.587307145
341,2050,0
342,2050,0
343,2050,0
344,2050,0
345,2050,0
346,2050,0
347,2050,0
348,2050,0
349,2050,0
350,2050,0
351,2050,0.030228986
352,2050,0
353,2050,0
354,2050,0
355,2050,0
356,2050,0
357,2050,0
358,2050,0
359,2050,0
360,2050,0
361,2050,0
362,2050,0
363,2050,0
364,2050,0
365,2050,0
366,2050,0
367,2050,0
368,2050,0
369,2050,0
370,2050,0
371,2050,0
372,2050,0
373,2050,0
374,2050,0
375,2050,0
376,2050,0
377,2050,0
378,2050,0
379,2050,0
380,2050,0
381,2050,0
382,2050,0
383,2050,0
384,2050,0
385,2050,0
386,2050,0
387,2050,0
388,2050,0
389,2050,0
390,2050,0
391,2050,0
392,2050,0
393,2050,0
394,2050,0
395,2050,0
396,2050,0
397,2050,0
398,2050,0
399,2050,0
400,2050,0
401,2050,0
402,2050,0
403,2050,0
404,2050,0
405,2050,0
406,2050,0
407,2050,0
408,2050,0
409,2050,0
410,2050,0
411,2050,0
412,2050,0
413,2050,0
414,2050,0
415,2050,0
416,2050,0
417,2050,0
418,2050,0
419,2050,0
420,2050,0
421,2050,0
422,2050,0
423,2050,0
424,2050,0
425,2050,0
426,2050,0
427,2050,0
428,2050,0
429,2050,0
430,2050,0
431,2050,0
432,2050,0
433,2050,0
434,2050,0
435,2050,0
436,2050,0
437,2050,0
438,2050,0
439,2050,0
440,2050,0
441,2050,0
442,2050,0
443,2050,0
444,2050,0
445,2050,0
446,2050,0
447,2050,0
448,2050,0
449,2050,0
450,2050,0
451,2050,0
452,2050,0
453,2050,0
454,2050,0
455,2050,0
456,2050,0
457,2050,0
458,2050,0
459,2050,0
