Geo,Year,PM25
31,2005,5.355490274
32,2005,5.445381341
33,2005,5.2695526
34,2005,5.359474724
35,2005,5.353648421
36,2005,5.296943601
37,2005,5.287748899
38,2005,5.434518791
39,2005,5.300373216
40,2005,5.351290325
41,2005,5.413696035
42,2005,5.492414971
43,2005,5.749013483
44,2005,5.716288805
45,2005,5.483638954
47,2005,5.50214138
48,2005,5.716580832
49,2005,5.656600026
50,2005,5.487720873
51,2005,5.655817091
52,2005,5.761468997
53,2005,5.790607017
54,2005,5.63453713
55,2005,5.481746413
56,2005,5.4798081
61,2005,5.778902527
64,2005,5.786179985
65,2005,5.704943077
66,2005,5.602116562
67,2005,5.515642257
70,2005,5.434808467
71,2005,5.627057857
74,2005,5.690535735
75,2005,5.704522711
76,2005,5.702694309
77,2005,5.754204968
78,2005,5.786344342
80,2005,5.623893574
81,2005,5.664322849
82,2005,5.750186276
83,2005,5.626319928
84,2005,5.623793029
85,2005,5.70819778
86,2005,5.785286866
87,2005,5.711732824
88,2005,5.71341678
89,2005,5.745819754
90,2005,5.701596185
91,2005,5.797226116
92,2005,5.81297851
94,2005,5.799635858
95,2005,5.79909623
100,2005,5.795235411
103,2005,5.799631461
104,2005,5.781687294
107,2005,5.786409636
110,2005,5.666958321
111,2005,5.710876145
112,2005,5.772935623
114,2005,5.74351199
116,2005,5.759582637
117,2005,5.742756224
118,2005,5.753054819
120,2005,5.790502392
124,2005,5.770173871
125,2005,5.757095014
126,2005,5.737318613
128,2005,5.748831179
129,2005,5.623793029
130,2005,5.683816081
131,2005,5.709266714
132,2005,5.684093126
133,2005,5.620607683
134,2005,5.685050321
135,2005,5.827246203
136,2005,5.830257511
137,2005,5.830459645
138,2005,5.643387806
139,2005,5.706726921
140,2005,5.798620604
141,2005,5.785471104
143,2005,5.783284485
144,2005,5.780606461
146,2005,5.797444908
147,2005,5.767488446
148,2005,5.708127039
149,2005,5.74829939
150,2005,5.776992807
151,2005,5.794486903
152,2005,5.690789763
153,2005,5.694808303
154,2005,5.718305694
155,2005,5.74381882
156,2005,5.761287434
158,2005,5.759576034
162,2005,5.760685332
164,2005,5.700119292
168,2005,5.699968338
169,2005,5.646311642
170,2005,5.645223774
171,2005,5.646158865
172,2005,5.699959196
173,2005,5.738197043
180,2005,5.708400306
185,2005,5.645891612
186,2005,5.699884897
189,2005,5.647552607
193,2005,5.653717585
194,2005,5.645270021
196,2005,5.644197278
200,2005,5.712272742
204,2005,5.656789227
205,2005,5.656067589
206,2005,5.656268235
207,2005,5.542529945
211,2005,5.759744902
212,2005,5.715945228
213,2005,5.713431075
214,2005,5.735457639
220,2005,5.719234492
221,2005,5.714413917
222,2005,5.73519471
223,2005,5.736458551
224,2005,5.736451197
225,2005,5.769938186
226,2005,5.773342087
227,2005,5.788409729
229,2005,5.769844515
230,2005,5.733422521
231,2005,5.703356019
232,2005,5.702644809
233,2005,5.700001761
234,2005,5.700011372
235,2005,5.714056219
236,2005,5.776197154
237,2005,5.771906311
238,2005,5.801085729
242,2005,5.700074824
243,2005,5.732918578
244,2005,5.700066702
245,2005,5.700225784
246,2005,5.799372259
249,2005,5.824589489
254,2005,5.704172657
256,2005,5.743111133
257,2005,5.779561448
258,2005,5.793123253
259,2005,5.782709089
260,2005,5.800023188
261,2005,5.800238709
279,2005,5.800006935
280,2005,5.800000191
281,2005,5.80781687
282,2005,5.729224229
283,2005,5.736610508
284,2005,5.755032767
285,2005,5.699999809
286,2005,5.700584177
289,2005,5.70003959
290,2005,5.699761834
294,2005,5.699530637
295,2005,5.699519947
296,2005,5.70675318
298,2005,5.688615254
299,2005,5.652105521
300,2005,5.686713403
301,2005,5.77186037
302,2005,5.73707886
303,2005,5.787913693
304,2005,5.731893591
309,2005,5.723013375
310,2005,5.773168873
312,2005,5.741581685
313,2005,5.785636772
314,2005,5.717212161
322,2005,5.667130811
323,2005,5.670356279
324,2005,5.709439978
330,2005,5.740354736
332,2005,5.62969888
333,2005,5.568846825
334,2005,5.590779552
335,2005,5.655979239
336,2005,5.699875155
338,2005,5.702130831
345,2005,5.47353286
346,2005,5.510217089
347,2005,5.573444455
350,2005,5.678691562
354,2005,5.736439108
357,2005,5.661257891
358,2005,5.599925194
359,2005,5.588801367
360,2005,5.543148417
361,2005,5.509960121
362,2005,5.510017357
363,2005,5.502419197
365,2005,5.501090687
366,2005,5.502999007
368,2005,5.539467741
373,2005,5.636135791
374,2005,5.637449443
376,2005,5.545033538
378,2005,5.507065473
379,2005,5.500005919
380,2005,5.499993155
381,2005,5.40276217
382,2005,5.507846835
383,2005,5.509016989
384,2005,5.55110352
388,2005,5.544252562
389,2005,5.543377155
390,2005,5.503175929
395,2005,5.674292062
396,2005,5.788841219
411,2005,5.632242375
414,2005,5.518699466
415,2005,5.513545493
416,2005,5.53653525
417,2005,5.586345503
418,2005,5.454319038
419,2005,5.575431554
420,2005,5.57478203
421,2005,5.479514449
422,2005,5.476864588
423,2005,5.476444948
424,2005,5.525631496
426,2005,5.517236644
427,2005,5.518403121
428,2005,5.499883782
429,2005,5.49999339
430,2005,5.380336171
431,2005,5.379210886
432,2005,5.37752662
433,2005,5.388871474
434,2005,5.473360319
435,2005,5.446803246
436,2005,5.637998361
437,2005,5.527474312
439,2005,5.70024364
442,2005,5.634949105
443,2005,5.623793029
444,2005,5.623793029
447,2005,5.788370221
450,2005,5.477360626
451,2005,5.616760669
31,2021,5.355490274
32,2021,5.445381341
33,2021,5.2695526
34,2021,5.359474724
35,2021,5.353648421
36,2021,5.296943601
37,2021,5.287748899
38,2021,5.434518791
39,2021,5.300373216
40,2021,5.351290325
41,2021,5.413696035
42,2021,5.492414971
43,2021,5.749013483
44,2021,5.716288805
45,2021,5.483638954
47,2021,5.50214138
48,2021,5.716580832
49,2021,5.656600026
50,2021,5.487720873
51,2021,5.655817091
52,2021,5.761468997
53,2021,5.790607017
54,2021,5.63453713
55,2021,5.481746413
56,2021,5.4798081
61,2021,5.778902527
64,2021,5.786179985
65,2021,5.704943077
66,2021,5.602116562
67,2021,5.515642257
70,2021,5.434808467
71,2021,5.627057857
74,2021,5.690535735
75,2021,5.704522711
76,2021,5.702694309
77,2021,5.754204968
78,2021,5.786344342
80,2021,5.623893574
81,2021,5.664322849
82,2021,5.750186276
83,2021,5.626319928
84,2021,5.623793029
85,2021,5.70819778
86,2021,5.785286866
87,2021,5.711732824
88,2021,5.71341678
89,2021,5.745819754
90,2021,5.701596185
91,2021,5.797226116
92,2021,5.81297851
94,2021,5.799635858
95,2021,5.79909623
100,2021,5.795235411
103,2021,5.799631461
104,2021,5.781687294
107,2021,5.786409636
110,2021,5.666958321
111,2021,5.710876145
112,2021,5.772935623
114,2021,5.74351199
116,2021,5.759582637
117,2021,5.742756224
118,2021,5.753054819
120,2021,5.790502392
124,2021,5.770173871
125,2021,5.757095014
126,2021,5.737318613
128,2021,5.748831179
129,2021,5.623793029
130,2021,5.683816081
131,2021,5.709266714
132,2021,5.684093126
133,2021,5.620607683
134,2021,5.685050321
135,2021,5.827246203
136,2021,5.830257511
137,2021,5.830459645
138,2021,5.643387806
139,2021,5.706726921
140,2021,5.798620604
141,2021,5.785471104
143,2021,5.783284485
144,2021,5.780606461
146,2021,5.797444908
147,2021,5.767488446
148,2021,5.708127039
149,2021,5.74829939
150,2021,5.776992807
151,2021,5.794486903
152,2021,5.690789763
153,2021,5.694808303
154,2021,5.718305694
155,2021,5.74381882
156,2021,5.761287434
158,2021,5.759576034
162,2021,5.760685332
164,2021,5.700119292
168,2021,5.699968338
169,2021,5.646311642
170,2021,5.645223774
171,2021,5.646158865
172,2021,5.699959196
173,2021,5.738197043
180,2021,5.708400306
185,2021,5.645891612
186,2021,5.699884897
189,2021,5.647552607
193,2021,5.653717585
194,2021,5.645270021
196,2021,5.644197278
200,2021,5.712272742
204,2021,5.656789227
205,2021,5.656067589
206,2021,5.656268235
207,2021,5.542529945
211,2021,5.759744902
212,2021,5.715945228
213,2021,5.713431075
214,2021,5.735457639
220,2021,5.719234492
221,2021,5.714413917
222,2021,5.73519471
223,2021,5.736458551
224,2021,5.736451197
225,2021,5.769938186
226,2021,5.773342087
227,2021,5.788409729
229,2021,5.769844515
230,2021,5.733422521
231,2021,5.703356019
232,2021,5.702644809
233,2021,5.700001761
234,2021,5.700011372
235,2021,5.714056219
236,2021,5.776197154
237,2021,5.771906311
238,2021,5.801085729
242,2021,5.700074824
243,2021,5.732918578
244,2021,5.700066702
245,2021,5.700225784
246,2021,5.799372259
249,2021,5.824589489
254,2021,5.704172657
256,2021,5.743111133
257,2021,5.779561448
258,2021,5.793123253
259,2021,5.782709089
260,2021,5.800023188
261,2021,5.800238709
279,2021,5.800006935
280,2021,5.800000191
281,2021,5.80781687
282,2021,5.729224229
283,2021,5.736610508
284,2021,5.755032767
285,2021,5.699999809
286,2021,5.700584177
289,2021,5.70003959
290,2021,5.699761834
294,2021,5.699530637
295,2021,5.699519947
296,2021,5.70675318
298,2021,5.688615254
299,2021,5.652105521
300,2021,5.686713403
301,2021,5.77186037
302,2021,5.73707886
303,2021,5.787913693
304,2021,5.731893591
309,2021,5.723013375
310,2021,5.773168873
312,2021,5.741581685
313,2021,5.785636772
314,2021,5.717212161
322,2021,5.667130811
323,2021,5.670356279
324,2021,5.709439978
330,2021,5.740354736
332,2021,5.62969888
333,2021,5.568846825
334,2021,5.590779552
335,2021,5.655979239
336,2021,5.699875155
338,2021,5.702130831
345,2021,5.47353286
346,2021,5.510217089
347,2021,5.573444455
350,2021,5.678691562
354,2021,5.736439108
357,2021,5.661257891
358,2021,5.599925194
359,2021,5.588801367
360,2021,5.543148417
361,2021,5.509960121
362,2021,5.510017357
363,2021,5.502419197
365,2021,5.501090687
366,2021,5.502999007
368,2021,5.539467741
373,2021,5.636135791
374,2021,5.637449443
376,2021,5.545033538
378,2021,5.507065473
379,2021,5.500005919
380,2021,5.499993155
381,2021,5.40276217
382,2021,5.507846835
383,2021,5.509016989
384,2021,5.55110352
388,2021,5.544252562
389,2021,5.543377155
390,2021,5.503175929
395,2021,5.674292062
396,2021,5.788841219
411,2021,5.632242375
414,2021,5.518699466
415,2021,5.513545493
416,2021,5.53653525
417,2021,5.586345503
418,2021,5.454319038
419,2021,5.575431554
420,2021,5.57478203
421,2021,5.479514449
422,2021,5.476864588
423,2021,5.476444948
424,2021,5.525631496
426,2021,5.517236644
427,2021,5.518403121
428,2021,5.499883782
429,2021,5.49999339
430,2021,5.380336171
431,2021,5.379210886
432,2021,5.37752662
433,2021,5.388871474
434,2021,5.473360319
435,2021,5.446803246
436,2021,5.637998361
437,2021,5.527474312
439,2021,5.70024364
442,2021,5.634949105
443,2021,5.623793029
444,2021,5.623793029
447,2021,5.788370221
450,2021,5.477360626
451,2021,5.616760669
31,2050,5.355490274
32,2050,5.445381341
33,2050,5.2695526
34,2050,5.359474724
35,2050,5.353648421
36,2050,5.296943601
37,2050,5.287748899
38,2050,5.434518791
39,2050,5.300373216
40,2050,5.351290325
41,2050,5.413696035
42,2050,5.492414971
43,2050,5.749013483
44,2050,5.716288805
45,2050,5.483638954
47,2050,5.50214138
48,2050,5.716580832
49,2050,5.656600026
50,2050,5.487720873
51,2050,5.655817091
52,2050,5.761468997
53,2050,5.790607017
54,2050,5.63453713
55,2050,5.481746413
56,2050,5.4798081
61,2050,5.778902527
64,2050,5.786179985
65,2050,5.704943077
66,2050,5.602116562
67,2050,5.515642257
70,2050,5.434808467
71,2050,5.627057857
74,2050,5.690535735
75,2050,5.704522711
76,2050,5.702694309
77,2050,5.754204968
78,2050,5.786344342
80,2050,5.623893574
81,2050,5.664322849
82,2050,5.750186276
83,2050,5.626319928
84,2050,5.623793029
85,2050,5.70819778
86,2050,5.785286866
87,2050,5.711732824
88,2050,5.71341678
89,2050,5.745819754
90,2050,5.701596185
91,2050,5.797226116
92,2050,5.81297851
94,2050,5.799635858
95,2050,5.79909623
100,2050,5.795235411
103,2050,5.799631461
104,2050,5.781687294
107,2050,5.786409636
110,2050,5.666958321
111,2050,5.710876145
112,2050,5.772935623
114,2050,5.74351199
116,2050,5.759582637
117,2050,5.742756224
118,2050,5.753054819
120,2050,5.790502392
124,2050,5.770173871
125,2050,5.757095014
126,2050,5.737318613
128,2050,5.748831179
129,2050,5.623793029
130,2050,5.683816081
131,2050,5.709266714
132,2050,5.684093126
133,2050,5.620607683
134,2050,5.685050321
135,2050,5.827246203
136,2050,5.830257511
137,2050,5.830459645
138,2050,5.643387806
139,2050,5.706726921
140,2050,5.798620604
141,2050,5.785471104
143,2050,5.783284485
144,2050,5.780606461
146,2050,5.797444908
147,2050,5.767488446
148,2050,5.708127039
149,2050,5.74829939
150,2050,5.776992807
151,2050,5.794486903
152,2050,5.690789763
153,2050,5.694808303
154,2050,5.718305694
155,2050,5.74381882
156,2050,5.761287434
158,2050,5.759576034
162,2050,5.760685332
164,2050,5.700119292
168,2050,5.699968338
169,2050,5.646311642
170,2050,5.645223774
171,2050,5.646158865
172,2050,5.699959196
173,2050,5.738197043
180,2050,5.708400306
185,2050,5.645891612
186,2050,5.699884897
189,2050,5.647552607
193,2050,5.653717585
194,2050,5.645270021
196,2050,5.644197278
200,2050,5.712272742
204,2050,5.656789227
205,2050,5.656067589
206,2050,5.656268235
207,2050,5.542529945
211,2050,5.759744902
212,2050,5.715945228
213,2050,5.713431075
214,2050,5.735457639
220,2050,5.719234492
221,2050,5.714413917
222,2050,5.73519471
223,2050,5.736458551
224,2050,5.736451197
225,2050,5.769938186
226,2050,5.773342087
227,2050,5.788409729
229,2050,5.769844515
230,2050,5.733422521
231,2050,5.703356019
232,2050,5.702644809
233,2050,5.700001761
234,2050,5.700011372
235,2050,5.714056219
236,2050,5.776197154
237,2050,5.771906311
238,2050,5.801085729
242,2050,5.700074824
243,2050,5.732918578
244,2050,5.700066702
245,2050,5.700225784
246,2050,5.799372259
249,2050,5.824589489
254,2050,5.704172657
256,2050,5.743111133
257,2050,5.779561448
258,2050,5.793123253
259,2050,5.782709089
260,2050,5.800023188
261,2050,5.800238709
279,2050,5.800006935
280,2050,5.800000191
281,2050,5.80781687
282,2050,5.729224229
283,2050,5.736610508
284,2050,5.755032767
285,2050,5.699999809
286,2050,5.700584177
289,2050,5.70003959
290,2050,5.699761834
294,2050,5.699530637
295,2050,5.699519947
296,2050,5.70675318
298,2050,5.688615254
299,2050,5.652105521
300,2050,5.686713403
301,2050,5.77186037
302,2050,5.73707886
303,2050,5.787913693
304,2050,5.731893591
309,2050,5.723013375
310,2050,5.773168873
312,2050,5.741581685
313,2050,5.785636772
314,2050,5.717212161
322,2050,5.667130811
323,2050,5.670356279
324,2050,5.709439978
330,2050,5.740354736
332,2050,5.62969888
333,2050,5.568846825
334,2050,5.590779552
335,2050,5.655979239
336,2050,5.699875155
338,2050,5.702130831
345,2050,5.47353286
346,2050,5.510217089
347,2050,5.573444455
350,2050,5.678691562
354,2050,5.736439108
357,2050,5.661257891
358,2050,5.599925194
359,2050,5.588801367
360,2050,5.543148417
361,2050,5.509960121
362,2050,5.510017357
363,2050,5.502419197
365,2050,5.501090687
366,2050,5.502999007
368,2050,5.539467741
373,2050,5.636135791
374,2050,5.637449443
376,2050,5.545033538
378,2050,5.507065473
379,2050,5.500005919
380,2050,5.499993155
381,2050,5.40276217
382,2050,5.507846835
383,2050,5.509016989
384,2050,5.55110352
388,2050,5.544252562
389,2050,5.543377155
390,2050,5.503175929
395,2050,5.674292062
396,2050,5.788841219
411,2050,5.632242375
414,2050,5.518699466
415,2050,5.513545493
416,2050,5.53653525
417,2050,5.586345503
418,2050,5.454319038
419,2050,5.575431554
420,2050,5.57478203
421,2050,5.479514449
422,2050,5.476864588
423,2050,5.476444948
424,2050,5.525631496
426,2050,5.517236644
427,2050,5.518403121
428,2050,5.499883782
429,2050,5.49999339
430,2050,5.380336171
431,2050,5.379210886
432,2050,5.37752662
433,2050,5.388871474
434,2050,5.473360319
435,2050,5.446803246
436,2050,5.637998361
437,2050,5.527474312
439,2050,5.70024364
442,2050,5.634949105
443,2050,5.623793029
444,2050,5.623793029
447,2050,5.788370221
450,2050,5.477360626
451,2050,5.616760669
