age_bin,sex,cause,deaths,ylls,ref_pop
0,male,all_cause,15.35,1320.21,86528
5,male,all_cause,11.31,923.15,117081
10,male,all_cause,20.68,1601.41,127183
15,male,all_cause,73.72,5245.63,127389
20,male,all_cause,153.09,10180.15,126416
25,male,all_cause,174.22,10748.32,135285
30,male,all_cause,185.77,10519.65,133532
35,male,all_cause,247.78,12817.07,135703
40,male,all_cause,274.11,12811.27,128161
45,male,all_cause,455.83,19077.68,127762
50,male,all_cause,675.89,25097.86,121596
55,male,all_cause,1065.04,34564.52,127945
60,male,all_cause,1555.52,43332.96,127662
65,male,all_cause,2115.56,49459.87,121078
70,male,all_cause,2493.73,47618.88,94849
75,male,all_cause,2568.52,38749.03,61792
80,male,all_cause,2506.8,29001.06,36498
85,male,all_cause,2352.33,20732.13,19972
90,male,all_cause,1730.42,11832.36,8722
95,male,all_cause,784.05,4094.63,2450
0,female,all_cause,13.93,1198.55,82231
5,female,all_cause,8.62,704.04,111658
10,female,all_cause,13.54,1034.07,121109
15,female,all_cause,35.85,2558.2,121856
20,female,all_cause,52.2,3472.92,122077
25,female,all_cause,69.55,4283.76,132174
30,female,all_cause,90.74,5135.28,133953
35,female,all_cause,133.37,6890.44,138494
40,female,all_cause,170.79,7980.61,128520
45,female,all_cause,273.62,11443.76,126846
50,female,all_cause,432.5,16060.55,121519
55,female,all_cause,677.24,21972.64,134445
60,female,all_cause,1053.65,29342.48,138870
65,female,all_cause,1472.66,34377.8,133851
70,female,all_cause,1885.73,35961.51,105038
75,female,all_cause,2089.16,31420.43,71660
80,female,all_cause,2367.62,27344.81,45540
85,female,all_cause,2552.93,22415.35,29823
90,female,all_cause,2657.4,18062.79,16778
95,female,all_cause,1802.36,9283.33,6197
0,male,diabetes,0.037,3.22,86528
5,male,diabetes,0.033,2.73,117081
10,male,diabetes,0.12,9.11,127183
15,male,diabetes,0.32,22.42,127389
20,male,diabetes,0.86,57.16,126416
25,male,diabetes,1.5,92.7,135285
30,male,diabetes,2.58,146.35,133532
35,male,diabetes,4.74,245.22,135703
40,male,diabetes,7.84,366.61,128161
45,male,diabetes,15.28,639.39,127762
50,male,diabetes,24.65,915.27,121596
55,male,diabetes,41.8,1356.41,127945
60,male,diabetes,62.15,1731.34,127662
65,male,diabetes,83.39,1949.59,121078
70,male,diabetes,93.74,1790.06,94849
75,male,diabetes,86.1,1298.94,61792
80,male,diabetes,73.35,848.62,36498
85,male,diabetes,58.55,516.05,19972
90,male,diabetes,40.6,277.63,8722
95,male,diabetes,15.22,79.5,2450
0,female,diabetes,0.03,2.62,82231
5,female,diabetes,0.032,2.58,111658
10,female,diabetes,0.099,7.56,121109
15,female,diabetes,0.23,16.46,121856
20,female,diabetes,0.57,38.09,122077
25,female,diabetes,1.13,69.85,132174
30,female,diabetes,1.76,99.38,133953
35,female,diabetes,2.81,145.04,138494
40,female,diabetes,4.34,202.73,128520
45,female,diabetes,7.61,318.17,126846
50,female,diabetes,14.8,549.66,121519
55,female,diabetes,21.85,708.83,134445
60,female,diabetes,38.52,1072.7,138870
65,female,diabetes,51.32,1198.11,133851
70,female,diabetes,59.05,1126.09,105038
75,female,diabetes,60.9,915.98,71660
80,female,diabetes,63.75,736.3,45540
85,female,diabetes,64.77,568.73,29823
90,female,diabetes,62.72,426.34,16778
95,female,diabetes,32.18,165.74,6197
0,male,colon_cancer,0,0,86528
5,male,colon_cancer,0.017,1.41,117081
10,male,colon_cancer,0.026,1.98,127183
15,male,colon_cancer,0.071,5.03,127389
20,male,colon_cancer,0.24,16.14,126416
25,male,colon_cancer,0.61,37.46,135285
30,male,colon_cancer,1.38,78.14,133532
35,male,colon_cancer,3.25,168.15,135703
40,male,colon_cancer,5.01,234.13,128161
45,male,colon_cancer,12.29,514.5,127762
50,male,colon_cancer,21.79,809.16,121596
55,male,colon_cancer,34.01,1103.63,127945
60,male,colon_cancer,55.71,1552.01,127662
65,male,colon_cancer,76.83,1796.22,121078
70,male,colon_cancer,82.28,1571.26,94849
75,male,colon_cancer,80.5,1214.38,61792
80,male,colon_cancer,63.77,737.8,36498
85,male,colon_cancer,53.35,470.23,19972
90,male,colon_cancer,33.09,226.27,8722
95,male,colon_cancer,12.05,62.9,2450
0,female,colon_cancer,0,0,82231
5,female,colon_cancer,0.014,1.17,111658
10,female,colon_cancer,0.029,2.23,121109
15,female,colon_cancer,0.063,4.52,121856
20,female,colon_cancer,0.21,13.89,122077
25,female,colon_cancer,0.51,31.49,132174
30,female,colon_cancer,1.22,69.22,133953
35,female,colon_cancer,2.71,139.83,138494
40,female,colon_cancer,4.37,204.28,128520
45,female,colon_cancer,9.12,381.29,126846
50,female,colon_cancer,15.1,560.59,121519
55,female,colon_cancer,23.1,749.54,134445
60,female,colon_cancer,40.14,1117.71,138870
65,female,colon_cancer,49.8,1162.43,133851
70,female,colon_cancer,61.05,1164.3,105038
75,female,colon_cancer,69.91,1051.4,71660
80,female,colon_cancer,73.73,851.56,45540
85,female,colon_cancer,65.99,579.39,29823
90,female,colon_cancer,58.38,396.83,16778
95,female,colon_cancer,30.95,159.39,6197
0,male,copd,0.029,2.48,86528
5,male,copd,0.016,1.27,117081
10,male,copd,0.017,1.32,127183
15,male,copd,0.069,4.88,127389
20,male,copd,0.11,7.05,126416
25,male,copd,0.15,9.24,135285
30,male,copd,0.3,16.92,133532
35,male,copd,0.73,37.52,135703
40,male,copd,1.65,77.24,128161
45,male,copd,5.42,226.93,127762
50,male,copd,17.59,653.32,121596
55,male,copd,41.22,1337.87,127945
60,male,copd,88.92,2477.06,127662
65,male,copd,156.06,3648.46,121078
70,male,copd,233.81,4464.65,94849
75,male,copd,250.14,3773.61,61792
80,male,copd,224,2591.46,36498
85,male,copd,179.1,1578.51,19972
90,male,copd,113.11,773.41,8722
95,male,copd,42.14,220.07,2450
0,female,copd,0.026,2.25,82231
5,female,copd,0.016,1.29,111658
10,female,copd,0.021,1.58,121109
15,female,copd,0.074,5.3,121856
20,female,copd,0.1,6.63,122077
25,female,copd,0.16,10.15,132174
30,female,copd,0.31,17.44,133953
35,female,copd,0.75,38.88,138494
40,female,copd,1.84,85.89,128520
45,female,copd,6.05,253.23,126846
50,female,copd,16.73,621.29,121519
55,female,copd,38.76,1257.63,134445
60,female,copd,82.08,2285.67,138870
65,female,copd,148.08,3456.8,133851
70,female,copd,215.95,4118.31,105038
75,female,copd,239.26,3598.43,71660
80,female,copd,220.04,2541.31,45540
85,female,copd,177.46,1558.1,29823
90,female,copd,134.96,917.33,16778
95,female,copd,72.08,371.26,6197
1,male,road_injuries,1.75,150.11,86528
5,male,road_injuries,2,163.28,117081
10,male,road_injuries,3.15,240.22,127183
15,male,road_injuries,16.12,1146.81,127389
20,male,road_injuries,26.64,1771.25,126416
25,male,road_injuries,21.37,1318.42,135285
30,male,road_injuries,17.25,976.66,133532
35,male,road_injuries,19.81,1024.9,135703
40,male,road_injuries,18.31,855.93,128161
45,male,road_injuries,22.17,927.71,127762
50,male,road_injuries,24.37,918.17,121596
55,male,road_injuries,25.05,812.88,127945
60,male,road_injuries,25.41,707.88,127662
65,male,road_injuries,24.32,568.66,121078
70,male,road_injuries,20.47,390.81,94849
75,male,road_injuries,15.85,239.16,61792
80,male,road_injuries,12.53,145,36498
85,male,road_injuries,8.94,78.77,19972
90,male,road_injuries,4.45,30.45,8722
95,male,road_injuries,1.32,6.89,2450
1,female,road_injuries,1.58,135.99,82231
5,female,road_injuries,1.54,126.14,111658
10,female,road_injuries,2.22,169.17,121109
15,female,road_injuries,11.32,807.72,121856
20,female,road_injuries,10.4,691.61,122077
25,female,road_injuries,8.5,523.57,132174
30,female,road_injuries,7.96,450.76,133953
35,female,road_injuries,8.6,444.08,138494
40,female,road_injuries,7.51,350.77,128520
45,female,road_injuries,8.41,351.87,126846
50,female,road_injuries,9.15,339.89,121519
55,female,road_injuries,9.98,323.77,134445
60,female,road_injuries,11.77,327.66,138870
65,female,road_injuries,11.09,258.86,133851
70,female,road_injuries,10.57,201.59,105038
75,female,road_injuries,9.53,143.28,71660
80,female,road_injuries,7.42,85.64,45540
85,female,road_injuries,5.75,50.49,29823
90,female,road_injuries,3.32,22.55,16778
95,female,road_injuries,1.2,6.16,6197
