"Geo","Year","D4c"
31,2005,0
32,2005,0
33,2005,0
34,2005,0
35,2005,0
36,2005,0
37,2005,0
38,2005,2
39,2005,4
40,2005,0
41,2005,0
42,2005,0
43,2005,6
44,2005,0
45,2005,2
47,2005,2
48,2005,0
49,2005,4
50,2005,2
51,2005,6
52,2005,12
53,2005,2
54,2005,12
55,2005,0
56,2005,6
61,2005,4
64,2005,8
65,2005,8
66,2005,12
67,2005,6
70,2005,2
71,2005,6
74,2005,6
75,2005,6
76,2005,4
77,2005,4
78,2005,6
80,2005,1
81,2005,0
82,2005,2
83,2005,0
84,2005,0
85,2005,0
86,2005,2
87,2005,1
88,2005,1
89,2005,3
90,2005,0
91,2005,2
92,2005,4
94,2005,4
95,2005,4
100,2005,2
103,2005,6
104,2005,10
107,2005,12
110,2005,2
111,2005,2
112,2005,10
114,2005,12
116,2005,0
117,2005,8
118,2005,4
120,2005,8
124,2005,8
125,2005,8
126,2005,2
128,2005,4
129,2005,0
130,2005,0
131,2005,0
132,2005,0
133,2005,0
134,2005,0
135,2005,3.333333
136,2005,3.333333
137,2005,0
138,2005,0
139,2005,0
140,2005,5.333333
141,2005,5.333333
143,2005,3.333333
144,2005,2
146,2005,10.666667
147,2005,2
148,2005,4
149,2005,10.666667
150,2005,7.666667
151,2005,4
152,2005,0
153,2005,0
154,2005,6
155,2005,8
156,2005,0
158,2005,10
162,2005,0
164,2005,17.060606
168,2005,6
169,2005,0
170,2005,0
171,2005,0
172,2005,10
173,2005,21.060606
180,2005,12
185,2005,0
186,2005,8
189,2005,9
193,2005,4
194,2005,6
196,2005,9
200,2005,1
204,2005,0
205,2005,0
206,2005,4
207,2005,0
211,2005,3
212,2005,4
213,2005,8
214,2005,8
220,2005,10
221,2005,5
222,2005,0
223,2005,2
224,2005,10
225,2005,8
226,2005,8
227,2005,4
229,2005,8
230,2005,8
231,2005,0
232,2005,14
233,2005,6
234,2005,4
235,2005,6
236,2005,4
237,2005,0
238,2005,18.608696
242,2005,14
243,2005,8
244,2005,14.727273
245,2005,19.393939
246,2005,43.275362
249,2005,42.608696
254,2005,39.275362
256,2005,43.667519
257,2005,17.058824
258,2005,5
259,2005,28.058824
260,2005,45.138107
261,2005,29
279,2005,4
280,2005,6
281,2005,6
282,2005,4
283,2005,10.727273
284,2005,14.727273
285,2005,8.727273
286,2005,10.727273
289,2005,19.393939
290,2005,2
294,2005,4
295,2005,0
296,2005,0
298,2005,8
299,2005,4
300,2005,0
301,2005,19.058824
302,2005,6
303,2005,12
304,2005,9.529412
309,2005,8.608696
310,2005,27.967391
312,2005,8.608696
313,2005,20.608696
314,2005,11.358696
322,2005,13.5
323,2005,10.5
324,2005,18.108696
330,2005,11
332,2005,0
333,2005,2
334,2005,9.75
335,2005,30.75
336,2005,13.5
338,2005,9
345,2005,0
346,2005,5.75
347,2005,13.5
350,2005,22.108696
354,2005,20.529412
357,2005,10.217391
358,2005,14.967391
359,2005,19.25
360,2005,19
361,2005,0
362,2005,0
363,2005,11.5
365,2005,11.5
366,2005,11.5
368,2005,13.217391
373,2005,2
374,2005,8
376,2005,7
378,2005,2
379,2005,2
380,2005,5.75
381,2005,3.75
382,2005,2
383,2005,0
384,2005,5
388,2005,1
389,2005,2
390,2005,4
395,2005,9
396,2005,4
411,2005,1
414,2005,0
415,2005,0
416,2005,0
417,2005,0
418,2005,0
419,2005,0
420,2005,0
421,2005,2
422,2005,0
423,2005,0
424,2005,0
426,2005,2
427,2005,0
428,2005,0
429,2005,0
430,2005,3.75
431,2005,0
432,2005,0
433,2005,0
434,2005,0
435,2005,0
436,2005,12.608696
437,2005,0
439,2005,4
442,2005,10.75
443,2005,0
444,2005,0
447,2005,0
450,2005,0
451,2005,1
31,2021,0
32,2021,0
33,2021,0
34,2021,0
35,2021,0
36,2021,0
37,2021,0
38,2021,1
39,2021,0
40,2021,1
41,2021,0
42,2021,0
43,2021,16
44,2021,1
45,2021,3
47,2021,6
48,2021,3
49,2021,9
50,2021,5
51,2021,11
52,2021,47
53,2021,10
54,2021,12
55,2021,3
56,2021,5
61,2021,23
64,2021,39
65,2021,48
66,2021,15
67,2021,13
70,2021,8
71,2021,17.583333
74,2021,19.583333
75,2021,28.583333
76,2021,14.583333
77,2021,14
78,2021,37
80,2021,2
81,2021,4
82,2021,48
83,2021,0
84,2021,0
85,2021,0
86,2021,6
87,2021,4
88,2021,18
89,2021,12
90,2021,20
91,2021,24
92,2021,44
94,2021,44
95,2021,50
100,2021,54
103,2021,89
104,2021,62
107,2021,50
110,2021,8
111,2021,4
112,2021,36
114,2021,56
116,2021,44
117,2021,48
118,2021,62
120,2021,54
124,2021,34
125,2021,46
126,2021,20
128,2021,46
129,2021,0
130,2021,0
131,2021,9
132,2021,0
133,2021,0
134,2021,0
135,2021,6
136,2021,4
137,2021,0
138,2021,0
139,2021,0
140,2021,27
141,2021,40
143,2021,23
144,2021,24
146,2021,64
147,2021,17.416667
148,2021,18.625
149,2021,74.041667
150,2021,63.166667
151,2021,30.166667
152,2021,0
153,2021,4
154,2021,68.208333
155,2021,77.208333
156,2021,46.625
158,2021,64.166667
162,2021,64
164,2021,82
168,2021,68
169,2021,4
170,2021,0
171,2021,0
172,2021,60
173,2021,146
180,2021,100
185,2021,0
186,2021,10
189,2021,50
193,2021,2
194,2021,66
196,2021,70
200,2021,24
204,2021,0
205,2021,0
206,2021,6
207,2021,0
211,2021,24
212,2021,23
213,2021,22
214,2021,18.5
220,2021,38
221,2021,34
222,2021,17
223,2021,13
224,2021,42
225,2021,32
226,2021,30
227,2021,48
229,2021,34
230,2021,44
231,2021,32.666667
232,2021,80.541667
233,2021,23.541667
234,2021,15.541667
235,2021,19.208333
236,2021,14.083333
237,2021,15.541667
238,2021,80.083333
242,2021,49.416667
243,2021,22.875
244,2021,42.875
245,2021,37.875
246,2021,96.791667
249,2021,137.25
254,2021,75.75
256,2021,55.208333
257,2021,16.5
258,2021,22
259,2021,26.333333
260,2021,92.083333
261,2021,98.5
279,2021,24
280,2021,34
281,2021,28
282,2021,30.875
283,2021,12.541667
284,2021,13.166667
285,2021,36
286,2021,49
289,2021,44
290,2021,28
294,2021,32
295,2021,36
296,2021,24
298,2021,36.833333
299,2021,63.5
300,2021,36
301,2021,24.833333
302,2021,8.833333
303,2021,25.666667
304,2021,32.5
309,2021,28
310,2021,74
312,2021,21
313,2021,41
314,2021,48
322,2021,40
323,2021,40
324,2021,54
330,2021,19
332,2021,0
333,2021,0
334,2021,37
335,2021,79
336,2021,60
338,2021,22
345,2021,0
346,2021,0
347,2021,9
350,2021,59
354,2021,37
357,2021,55
358,2021,39
359,2021,15
360,2021,9
361,2021,0
362,2021,3
363,2021,17
365,2021,16
366,2021,20
368,2021,57
373,2021,8
374,2021,47
376,2021,33
378,2021,11
379,2021,15
380,2021,23
381,2021,9
382,2021,6
383,2021,3
384,2021,30
388,2021,0
389,2021,20
390,2021,27
395,2021,50
396,2021,36
411,2021,2
414,2021,0
415,2021,0
416,2021,0
417,2021,0
418,2021,0
419,2021,0
420,2021,0
421,2021,5
422,2021,0
423,2021,0
424,2021,0
426,2021,5
427,2021,0
428,2021,0
429,2021,6
430,2021,9
431,2021,0
432,2021,0
433,2021,0
434,2021,0
435,2021,0
436,2021,34.583333
437,2021,0
439,2021,11.541667
442,2021,24
443,2021,0
444,2021,0
447,2021,3
450,2021,0
451,2021,0
31,2050,0
32,2050,0
33,2050,0
34,2050,0
35,2050,3
36,2050,0
37,2050,0
38,2050,2
39,2050,0
40,2050,11
41,2050,9
42,2050,0
43,2050,32
44,2050,2
45,2050,6
47,2050,12
48,2050,6
49,2050,18
50,2050,24
51,2050,34
52,2050,82
53,2050,23
54,2050,39
55,2050,20
56,2050,10
61,2050,41
64,2050,54
65,2050,64
66,2050,26
67,2050,26
70,2050,16
71,2050,28
74,2050,28
75,2050,38
76,2050,22
77,2050,16
78,2050,42
80,2050,2
81,2050,8
82,2050,82
83,2050,0
84,2050,0
85,2050,0
86,2050,12
87,2050,6
88,2050,32
89,2050,28
90,2050,36
91,2050,44
92,2050,68
94,2050,72
95,2050,80
100,2050,71
103,2050,131
104,2050,103
107,2050,92
110,2050,16
111,2050,8
112,2050,68
114,2050,91
116,2050,50
117,2050,77
118,2050,92
120,2050,82
124,2050,50
125,2050,66
126,2050,26
128,2050,59
129,2050,0
130,2050,0
131,2050,14
132,2050,2
133,2050,0
134,2050,2
135,2050,11
136,2050,9
137,2050,5
138,2050,0
139,2050,0
140,2050,43
141,2050,66
143,2050,34
144,2050,40
146,2050,73
147,2050,35
148,2050,48
149,2050,102
150,2050,99
151,2050,47
152,2050,0
153,2050,12
154,2050,114
155,2050,91
156,2050,57
158,2050,78
162,2050,36
164,2050,53
168,2050,90
169,2050,18
170,2050,0
171,2050,0
172,2050,100
173,2050,163
180,2050,151
185,2050,2
186,2050,30
189,2050,92
193,2050,8
194,2050,90
196,2050,144
200,2050,40
204,2050,12
205,2050,12
206,2050,26
207,2050,0
211,2050,25
212,2050,28
213,2050,54
214,2050,62
220,2050,64
221,2050,46
222,2050,17
223,2050,14
224,2050,56
225,2050,48
226,2050,44
227,2050,54
229,2050,46
230,2050,62
231,2050,46
232,2050,102
233,2050,44
234,2050,32
235,2050,34
236,2050,36
237,2050,36
238,2050,90
242,2050,78
243,2050,54
244,2050,72
245,2050,64
246,2050,136
249,2050,174
254,2050,130
256,2050,114
257,2050,38
258,2050,28
259,2050,52
260,2050,136
261,2050,132
279,2050,30
280,2050,48
281,2050,42
282,2050,72
283,2050,35
284,2050,51
285,2050,62
286,2050,87
289,2050,69
290,2050,52
294,2050,58
295,2050,66
296,2050,38
298,2050,76
299,2050,138
300,2050,76
301,2050,52
302,2050,36
303,2050,56
304,2050,81
309,2050,42
310,2050,112
312,2050,34
313,2050,60
314,2050,80
322,2050,86
323,2050,70
324,2050,92
330,2050,42
332,2050,28
333,2050,28
334,2050,80
335,2050,132
336,2050,102
338,2050,46
345,2050,12
346,2050,12
347,2050,26
350,2050,108
354,2050,163
357,2050,119
358,2050,62
359,2050,30
360,2050,18
361,2050,0
362,2050,4
363,2050,32
365,2050,32
366,2050,40
368,2050,96
373,2050,102
374,2050,128
376,2050,59
378,2050,31
379,2050,29
380,2050,58
381,2050,21
382,2050,20
383,2050,18
384,2050,97
388,2050,37
389,2050,62
390,2050,84
395,2050,136
396,2050,40
411,2050,14
414,2050,0
415,2050,0
416,2050,0
417,2050,0
418,2050,0
419,2050,0
420,2050,0
421,2050,10
422,2050,0
423,2050,0
424,2050,0
426,2050,14
427,2050,0
428,2050,5
429,2050,23
430,2050,24
431,2050,0
432,2050,0
433,2050,0
434,2050,0
435,2050,12
436,2050,70
437,2050,0
439,2050,26
442,2050,40
443,2050,0
444,2050,0
447,2050,6
450,2050,0
451,2050,0
