Geo,Year,SFDU,MFDU,GQDU
31,2005,39,0,0
31,2021,44,0,0
31,2050,42,5,0
32,2005,41,0,0
32,2021,47,0,0
32,2050,48,1,0
33,2005,59,0,0
33,2021,67,0,0
33,2050,104,2,0
34,2005,37,0,0
34,2021,42,0,0
34,2050,78,1,0
35,2005,38,0,0
35,2021,43,0,0
35,2050,50,2,0
36,2005,86,0,0
36,2021,98,0,0
36,2050,149,6,0
37,2005,92,0,0
37,2021,103,0,0
37,2050,69,56,0
38,2005,19,3,0
38,2021,21,3,0
38,2050,23,4,0
39,2005,94,0,0
39,2021,106,0,0
39,2050,101,1,0
40,2005,68,0,0
40,2021,76,0,0
40,2050,624,166,0
41,2005,92,0,0
41,2021,103,0,0
41,2050,117,1,0
42,2005,18,0,0
42,2021,20,0,0
42,2050,60,0,0
43,2005,71,309,0
43,2021,80,360,0
43,2050,16,84,0
44,2005,468,2,0
44,2021,528,2,0
44,2050,486,125,0
45,2005,579,5,0
45,2021,653,6,0
45,2050,860,8,0
47,2005,124,84,0
47,2021,140,98,0
47,2050,165,89,0
48,2005,2,0,0
48,2021,3,0,0
48,2050,3,86,0
49,2005,463,124,0
49,2021,522,144,0
49,2050,647,162,0
50,2005,113,4,0
50,2021,128,4,0
50,2050,670,189,0
51,2005,372,476,0
51,2021,420,555,0
51,2050,558,683,0
52,2005,433,441,0
52,2021,489,514,0
52,2050,295,472,0
53,2005,86,237,0
53,2021,97,276,0
53,2050,80,337,0
54,2005,743,37,0
54,2021,839,44,0
54,2050,996,37,0
55,2005,140,0,0
55,2021,158,0,0
55,2050,197,49,0
56,2005,626,0,0
56,2021,707,0,0
56,2050,823,9,0
61,2005,35,588,0
61,2021,40,685,0
61,2050,90,816,0
64,2005,0,1,0
64,2021,0,1,0
64,2050,53,472,0
65,2005,183,14,0
65,2021,207,16,0
65,2050,26,241,0
66,2005,557,10,0
66,2021,629,12,0
66,2050,685,7,0
67,2005,710,109,0
67,2021,802,127,0
67,2050,975,134,0
70,2005,389,4,0
70,2021,439,4,0
70,2050,554,6,0
71,2005,280,239,0
71,2021,316,278,0
71,2050,331,306,0
74,2005,138,116,0
74,2021,155,135,0
74,2050,161,125,0
75,2005,256,184,0
75,2021,288,215,0
75,2050,322,196,0
76,2005,2,105,0
76,2021,2,122,0
76,2050,0,1,0
77,2005,4,13,0
77,2021,4,15,0
77,2050,10,38,0
78,2005,170,115,0
78,2021,192,134,0
78,2050,212,131,0
80,2005,36,0,0
80,2021,41,0,0
80,2050,51,4,0
81,2005,38,0,0
81,2021,42,0,0
81,2050,22,0,0
82,2005,828,73,0
82,2021,935,85,0
82,2050,975,89,0
83,2005,73,0,0
83,2021,82,0,0
83,2050,102,11,0
84,2005,31,0,0
84,2021,35,0,0
84,2050,32,15,0
85,2005,41,0,0
85,2021,46,0,0
85,2050,33,1,0
86,2005,30,0,0
86,2021,34,0,0
86,2050,23,0,0
87,2005,670,31,0
87,2021,757,36,0
87,2050,790,38,0
88,2005,366,146,0
88,2021,413,170,0
88,2050,431,177,0
89,2005,569,185,0
89,2021,642,216,0
89,2050,670,225,0
90,2005,140,143,0
90,2021,158,167,0
90,2050,165,174,0
91,2005,227,483,0
91,2021,256,563,0
91,2050,267,587,0
92,2005,318,31,0
92,2021,359,36,0
92,2050,374,38,0
94,2005,337,9,0
94,2021,380,11,0
94,2050,396,11,0
95,2005,212,104,0
95,2021,239,121,0
95,2050,249,126,0
100,2005,186,280,0
100,2021,210,326,0
100,2050,219,340,0
103,2005,373,128,0
103,2021,422,149,0
103,2050,440,155,0
104,2005,201,190,0
104,2021,226,221,0
104,2050,236,230,0
107,2005,431,261,0
107,2021,487,304,0
107,2050,508,317,0
110,2005,438,88,0
110,2021,494,103,0
110,2050,515,107,0
111,2005,465,4,0
111,2021,525,4,0
111,2050,548,4,0
112,2005,377,190,0
112,2021,426,221,0
112,2050,444,230,0
114,2005,331,110,0
114,2021,373,129,0
114,2050,389,135,0
116,2005,343,145,0
116,2021,387,169,0
116,2050,404,176,0
117,2005,326,268,0
117,2021,368,312,0
117,2050,384,325,0
118,2005,77,469,0
118,2021,87,546,0
118,2050,91,569,0
120,2005,530,415,0
120,2021,598,483,0
120,2050,624,504,0
124,2005,165,100,0
124,2021,187,117,0
124,2050,195,122,0
125,2005,68,385,0
125,2021,76,448,0
125,2050,79,467,0
126,2005,5,105,0
126,2021,5,122,0
126,2050,5,127,0
128,2005,255,351,0
128,2021,288,409,0
128,2050,300,427,0
129,2005,89,0,0
129,2021,101,0,0
129,2050,115,49,0
130,2005,89,0,0
130,2021,101,0,0
130,2050,45,74,0
131,2005,11,0,0
131,2021,13,0,0
131,2050,18,0,0
132,2005,170,6,0
132,2021,192,7,0
132,2050,227,9,0
133,2005,66,0,0
133,2021,75,0,0
133,2050,127,7,0
134,2005,68,0,0
134,2021,77,0,0
134,2050,77,10,0
135,2005,5,0,0
135,2021,5,0,0
135,2050,5,3,0
136,2005,250,0,0
136,2021,282,0,0
136,2050,0,629,0
137,2005,340,0,0
137,2021,383,0,0
137,2050,671,0,0
138,2005,18,0,0
138,2021,20,0,0
138,2050,21,0,0
139,2005,48,0,0
139,2021,54,0,0
139,2050,80,0,0
140,2005,1241,205,0
140,2021,1401,239,0
140,2050,1506,308,0
141,2005,294,245,0
141,2021,332,286,0
141,2050,269,428,0
143,2005,190,0,0
143,2021,215,0,0
143,2050,20,270,0
144,2005,184,0,0
144,2021,208,0,0
144,2050,0,90,0
146,2005,490,288,0
146,2021,553,336,0
146,2050,556,185,0
147,2005,910,60,0
147,2021,1027,70,0
147,2050,1201,133,0
148,2005,480,348,0
148,2021,542,406,0
148,2050,613,408,0
149,2005,92,674,0
149,2021,103,785,0
149,2050,83,749,0
150,2005,154,1622,0
150,2021,174,1889,0
150,2050,117,1845,0
151,2005,2,61,0
151,2021,2,71,0
151,2050,0,207,0
152,2005,31,0,0
152,2021,35,0,0
152,2050,40,8,0
153,2005,31,0,0
153,2021,35,0,0
153,2050,48,5,0
154,2005,764,75,0
154,2021,863,87,0
154,2050,884,264,0
155,2005,765,83,0
155,2021,863,97,0
155,2050,507,596,0
156,2005,228,309,0
156,2021,258,360,0
156,2050,291,606,0
158,2005,114,644,0
158,2021,129,750,0
158,2050,144,927,0
162,2005,70,9,0
162,2021,79,11,0
162,2050,39,47,0
164,2005,73,583,0
164,2021,82,679,0
164,2050,57,689,0
168,2005,386,20,0
168,2021,436,23,0
168,2050,369,278,0
169,2005,25,0,0
169,2021,28,0,0
169,2050,9,0,0
170,2005,104,0,0
170,2021,118,0,0
170,2050,126,33,0
171,2005,53,0,0
171,2021,60,0,0
171,2050,71,0,0
172,2005,869,30,0
172,2021,981,35,0
172,2050,1055,186,0
173,2005,390,668,0
173,2021,440,778,0
173,2050,435,998,0
180,2005,888,321,0
180,2021,1002,374,0
180,2050,1152,624,0
185,2005,153,4,0
185,2021,173,4,0
185,2050,247,5,0
186,2005,122,0,0
186,2021,138,0,0
186,2050,463,0,0
189,2005,335,215,0
189,2021,378,251,0
189,2050,474,485,0
193,2005,2,0,0
193,2021,3,0,0
193,2050,2,2,0
194,2005,132,391,0
194,2021,149,456,0
194,2050,177,472,0
196,2005,1890,1114,0
196,2021,2133,1297,0
196,2050,1861,940,0
200,2005,129,16,0
200,2021,145,19,0
200,2050,659,510,0
204,2005,8,0,0
204,2021,9,0,0
204,2050,9,0,0
205,2005,65,0,0
205,2021,74,0,0
205,2050,113,0,0
206,2005,68,0,0
206,2021,76,0,0
206,2050,96,1,0
207,2005,454,0,0
207,2021,512,0,0
207,2050,595,32,0
211,2005,8,0,0
211,2021,8,0,0
211,2050,9,0,0
212,2005,3,310,0
212,2021,3,361,0
212,2050,4,381,0
213,2005,90,432,0
213,2021,102,504,0
213,2050,115,605,0
214,2005,355,482,0
214,2021,401,562,0
214,2050,450,529,0
220,2005,6,119,0
220,2021,7,139,0
220,2050,8,200,0
221,2005,0,1,0
221,2021,0,1,0
221,2050,0,1,0
222,2005,7,11,0
222,2021,8,13,0
222,2050,7,13,0
223,2005,0,1,0
223,2021,0,1,0
223,2050,0,1,0
224,2005,1,0,0
224,2021,1,0,0
224,2050,0,1,0
225,2005,4,0,0
225,2021,4,0,0
225,2050,6,76,0
226,2005,77,33,0
226,2021,87,38,0
226,2050,62,70,0
227,2005,189,287,0
227,2021,213,335,0
227,2050,63,562,0
229,2005,35,27,0
229,2021,40,32,0
229,2050,50,46,0
230,2005,180,102,0
230,2021,204,119,0
230,2050,223,114,0
231,2005,116,26,0
231,2021,131,31,0
231,2050,140,28,0
232,2005,322,83,0
232,2021,363,97,0
232,2050,57,510,0
233,2005,98,71,0
233,2021,110,83,0
233,2050,125,87,0
234,2005,79,105,0
234,2021,89,122,0
234,2050,102,110,0
235,2005,38,36,0
235,2021,42,41,0
235,2050,48,37,0
236,2005,30,24,0
236,2021,34,28,0
236,2050,11,55,0
237,2005,98,275,0
237,2021,111,320,0
237,2050,103,363,0
238,2005,140,225,0
238,2021,158,262,0
238,2050,82,729,0
242,2005,156,115,0
242,2021,176,134,0
242,2050,209,177,0
243,2005,3,0,0
243,2021,3,0,0
243,2050,0,1,0
244,2005,230,33,0
244,2021,260,38,0
244,2050,293,36,0
245,2005,226,41,0
245,2021,255,48,0
245,2050,266,51,0
246,2005,112,71,0
246,2021,126,83,0
246,2050,145,78,0
249,2005,35,710,0
249,2021,40,828,0
249,2050,185,1892,0
254,2005,351,210,0
254,2021,396,244,0
254,2050,486,247,0
256,2005,264,272,0
256,2021,298,317,0
256,2050,300,348,0
257,2005,107,133,0
257,2021,121,155,0
257,2050,134,146,0
258,2005,24,5,0
258,2021,27,5,0
258,2050,27,5,0
259,2005,5,12,0
259,2021,5,14,0
259,2050,6,46,0
260,2005,1,95,1819
260,2021,1,110,1555
260,2050,1,104,1687
261,2005,51,81,0
261,2021,58,95,0
261,2050,30,269,0
279,2005,0,1,0
279,2021,0,1,0
279,2050,0,1,0
280,2005,2,6,0
280,2021,3,7,0
280,2050,3,6,0
281,2005,0,81,0
281,2021,0,95,0
281,2050,0,134,0
282,2005,68,0,0
282,2021,76,0,0
282,2050,75,3,0
283,2005,298,30,0
283,2021,336,35,0
283,2050,374,36,0
284,2005,432,200,0
284,2021,488,233,0
284,2050,568,378,0
285,2005,237,12,0
285,2021,268,14,0
285,2050,303,23,0
286,2005,386,678,0
286,2021,436,789,0
286,2050,358,964,0
289,2005,277,13,0
289,2021,313,15,0
289,2050,349,38,0
290,2005,230,137,0
290,2021,260,159,0
290,2050,274,27,0
294,2005,5,0,0
294,2021,5,0,0
294,2050,47,199,0
295,2005,148,121,0
295,2021,167,141,0
295,2050,194,160,0
296,2005,0,1,0
296,2021,0,1,0
296,2050,3,0,0
298,2005,251,151,0
298,2021,283,176,0
298,2050,313,175,0
299,2005,2,31,0
299,2021,2,36,0
299,2050,0,1,0
300,2005,144,20,0
300,2021,162,23,0
300,2050,183,22,0
301,2005,273,149,0
301,2021,308,173,0
301,2050,335,158,0
302,2005,111,88,0
302,2021,126,103,0
302,2050,139,72,0
303,2005,176,274,0
303,2021,198,319,0
303,2050,221,280,0
304,2005,0,62,0
304,2021,0,72,0
304,2050,0,37,0
309,2005,17,203,0
309,2021,20,237,0
309,2050,22,266,0
310,2005,374,357,0
310,2021,422,415,0
310,2050,483,438,0
312,2005,17,43,0
312,2021,20,50,0
312,2050,21,45,0
313,2005,195,162,0
313,2021,220,189,0
313,2050,232,178,0
314,2005,351,254,0
314,2021,396,296,0
314,2050,452,277,0
322,2005,373,152,0
322,2021,422,177,0
322,2050,485,128,0
323,2005,4,0,0
323,2021,4,0,0
323,2050,3,15,0
324,2005,537,268,0
324,2021,606,312,0
324,2050,684,289,0
330,2005,90,230,0
330,2021,102,268,0
330,2050,108,272,0
332,2005,136,217,0
332,2021,154,253,0
332,2050,174,232,0
333,2005,198,0,0
333,2021,224,0,0
333,2050,241,13,0
334,2005,425,107,0
334,2021,479,124,0
334,2050,554,226,0
335,2005,408,792,0
335,2021,461,922,0
335,2050,526,904,0
336,2005,262,426,0
336,2021,296,496,0
336,2050,343,488,0
338,2005,289,223,0
338,2021,326,259,0
338,2050,373,246,0
345,2005,256,0,0
345,2021,288,0,0
345,2050,441,4,0
346,2005,111,0,0
346,2021,126,0,0
346,2050,163,0,0
347,2005,329,113,0
347,2021,372,132,0
347,2050,416,170,0
350,2005,552,237,0
350,2021,623,276,0
350,2050,716,175,0
354,2005,449,5,0
354,2021,507,6,0
354,2050,605,2230,0
357,2005,763,296,0
357,2021,861,345,0
357,2050,983,773,0
358,2005,254,3,0
358,2021,287,3,0
358,2050,348,44,0
359,2005,321,223,0
359,2021,362,259,0
359,2050,415,233,0
360,2005,322,45,0
360,2021,364,52,0
360,2050,409,83,0
361,2005,156,0,0
361,2021,176,0,0
361,2050,183,0,0
362,2005,24,0,0
362,2021,27,0,0
362,2050,3,0,0
363,2005,525,224,0
363,2021,593,261,0
363,2050,688,283,0
365,2005,147,98,0
365,2021,166,114,0
365,2050,197,105,0
366,2005,394,554,0
366,2021,444,646,0
366,2050,347,818,0
368,2005,669,268,0
368,2021,755,312,0
368,2050,741,501,0
373,2005,619,86,0
373,2021,699,100,0
373,2050,1247,336,0
374,2005,396,293,0
374,2021,447,341,0
374,2050,518,645,0
376,2005,207,247,0
376,2021,233,288,0
376,2050,236,306,0
378,2005,585,2,0
378,2021,661,2,0
378,2050,768,0,0
379,2005,386,13,0
379,2021,435,15,0
379,2050,473,14,0
380,2005,765,139,0
380,2021,863,161,0
380,2050,1011,152,0
381,2005,5,46,0
381,2021,5,53,0
381,2050,0,102,0
382,2005,488,4,0
382,2021,550,4,0
382,2050,876,155,0
383,2005,464,0,0
383,2021,524,0,0
383,2050,866,0,0
384,2005,352,186,0
384,2021,397,217,0
384,2050,446,366,0
388,2005,108,0,0
388,2021,122,0,0
388,2050,322,188,0
389,2005,546,419,0
389,2021,617,488,0
389,2050,360,843,0
390,2005,650,584,0
390,2021,734,680,0
390,2050,821,671,0
395,2005,98,0,653
395,2021,111,0,886
395,2050,40,175,1119
396,2005,525,320,0
396,2021,592,373,0
396,2050,221,782,0
411,2005,29,0,0
411,2021,32,0,0
411,2050,180,29,0
414,2005,83,0,0
414,2021,93,0,0
414,2050,114,15,0
415,2005,249,2,0
415,2021,282,2,0
415,2050,392,21,0
416,2005,509,176,0
416,2021,574,205,0
416,2050,1001,334,0
417,2005,201,13,0
417,2021,226,15,0
417,2050,232,44,0
418,2005,152,0,0
418,2021,171,0,0
418,2050,188,21,0
419,2005,66,0,0
419,2021,75,0,0
419,2050,83,3,0
420,2005,160,0,0
420,2021,181,0,0
420,2050,243,5,0
421,2005,322,167,0
421,2021,363,194,0
421,2050,408,295,0
422,2005,80,0,0
422,2021,91,0,0
422,2050,128,4,0
423,2005,101,7,0
423,2021,114,8,0
423,2050,156,19,0
424,2005,180,13,0
424,2021,204,15,0
424,2050,291,15,0
426,2005,177,2,0
426,2021,199,2,0
426,2050,701,14,0
427,2005,20,0,0
427,2021,23,0,0
427,2050,30,2,0
428,2005,44,0,0
428,2021,49,0,0
428,2050,75,2,0
429,2005,216,120,0
429,2021,244,140,0
429,2050,608,300,0
430,2005,118,46,0
430,2021,133,53,0
430,2050,622,39,0
431,2005,183,2,0
431,2021,206,2,0
431,2050,418,9,0
432,2005,95,2,0
432,2021,108,2,0
432,2050,175,5,0
433,2005,344,15,0
433,2021,388,17,0
433,2050,440,13,0
434,2005,74,0,0
434,2021,83,0,0
434,2050,118,2,0
435,2005,168,4,0
435,2021,190,4,0
435,2050,159,89,0
436,2005,1,0,0
436,2021,1,0,0
436,2050,3,10,0
437,2005,85,0,0
437,2021,96,0,0
437,2050,122,3,0
439,2005,18,0,0
439,2021,20,0,0
439,2050,24,0,0
442,2005,26,131,0
442,2021,30,153,0
442,2050,0,1,0
443,2005,2,0,0
443,2021,2,0,0
443,2050,1,0,0
444,2005,0,1,0
444,2021,0,1,0
444,2050,0,1,0
447,2005,8,182,0
447,2021,8,212,0
447,2050,24,222,0
450,2005,40,0,0
450,2021,45,0,0
450,2050,93,1,0
451,2005,75,0,0
451,2021,85,0,0
451,2050,234,35,0
